frequency,hour,stationname,weekday
0.0,1.0,Stark/Washington SB,Friday
3.0,6.0,Stark/Washington SB,Friday
0.0,14.0,Division NB,Tuesday
0.0,21.0,Stark/Washington SB,Tuesday
5.0,9.0,Johnson Creek SB,Tuesday
0.0,0.0,Sunnyside NB,Friday
1.0,23.0,Johnson Creek SB,Saturday
0.0,2.0,Columbia to I-205 SB,Friday
0.0,21.0,Stark/Washington SB,Friday
0.0,4.0,Stark/Washington SB,Monday
0.0,16.0,Division NB,Tuesday
1.0,6.0,Glisan to I-205 SB,Saturday
0.0,11.0,Stark/Washington SB,Tuesday
0.0,20.0,Division SB,Wednesday
0.0,4.0,Division SB,Saturday
0.0,3.0,Johnson Creek SB,Monday
1.0,14.0,Glisan to I-205 SB,Friday
0.0,19.0,Stark/Washington SB,Tuesday
0.0,14.0,Stark/Washington SB,Thursday
1.0,12.0,Johnson Cr NB,Friday
1.0,7.0,Johnson Cr NB,Wednesday
0.0,2.0,Glisan to I-205 SB,Tuesday
3.0,10.0,Powell to I-205 NB,Saturday
0.0,21.0,Stark/Washington SB,Thursday
2.0,8.0,Johnson Creek SB,Wednesday
0.0,0.0,Stark/Washington SB,Tuesday
0.0,21.0,Foster SB,Wednesday
2.0,7.0,Stark/Washington SB,Tuesday
11.0,10.0,Foster NB,Thursday
3.0,4.0,Airportway WB to SB,Saturday
4.0,9.0,Powell to I-205 NB,Sunday
0.0,16.0,Stark/Washington SB,Thursday
0.0,19.0,Stark/Washington SB,Monday
1.0,16.0,Airportway WB to SB,Saturday
0.0,20.0,Stark/Washington SB,Monday
23.0,12.0,Sunnyside NB,Friday
10.0,18.0,Sunnyside NB,Monday
7.0,8.0,Sunnyside NB,Thursday
0.0,0.0,Stark/Washington SB,Thursday
0.0,0.0,Foster SB,Sunday
1.0,7.0,Stark/Washington SB,Monday
2.0,12.0,Powell to I-205 NB,Friday
1.0,2.0,Powell to I-205 NB,Sunday
0.0,5.0,Division SB,Friday
0.0,19.0,Division SB,Saturday
10.0,9.0,Powell Blvd SB,Monday
0.0,7.0,Foster SB,Wednesday
9.0,12.0,Columbia to I-205 SB,Friday
0.0,19.0,Division NB,Sunday
2.0,7.0,Powell to I-205 NB,Wednesday
0.0,22.0,Airportway EB to SB,Monday
0.0,11.0,Division SB,Monday
10.0,7.0,Glisan to I-205 SB,Monday
0.0,15.0,Johnson Creek SB,Thursday
1.0,21.0,Columbia to I-205 SB,Saturday
0.0,18.0,Powell to I-205 NB,Friday
0.0,12.0,Division SB,Friday
0.0,21.0,Foster SB,Tuesday
2.0,17.0,Division NB,Monday
0.0,22.0,Powell to I-205 NB,Monday
4.0,19.0,Foster NB,Sunday
5.0,19.0,Division NB,Saturday
8.0,6.0,Foster NB,Wednesday
0.0,2.0,Stark/Washington SB,Friday
9.0,9.0,Glisan to I-205 SB,Saturday
0.0,22.0,Johnson Creek SB,Sunday
6.0,7.0,Glisan to I-205 SB,Thursday
13.0,11.0,Foster NB,Saturday
0.0,3.0,Airportway EB to SB,Sunday
1.0,10.0,Foster SB,Saturday
0.0,22.0,Powell Blvd SB,Friday
1.0,9.0,Powell to I-205 NB,Thursday
0.0,9.0,Airportway EB to SB,Sunday
0.0,23.0,Division SB,Monday
14.0,6.0,Powell Blvd SB,Saturday
0.0,23.0,Foster SB,Saturday
0.0,14.0,Powell Blvd SB,Wednesday
0.0,15.0,Airportway EB to SB,Wednesday
2.0,7.0,Stark/Washington SB,Wednesday
0.0,13.0,Johnson Creek SB,Tuesday
0.0,13.0,Division NB,Tuesday
0.0,21.0,Glisan to I-205 SB,Friday
0.0,23.0,Powell Blvd SB,Sunday
20.0,11.0,Division NB,Sunday
0.0,18.0,Stark/Washington SB,Saturday
2.0,8.0,Powell to I-205 NB,Friday
0.0,23.0,Foster NB,Sunday
8.0,3.0,Division NB,Friday
0.0,23.0,Division NB,Monday
0.0,9.0,Foster SB,Friday
0.0,16.0,Division SB,Tuesday
17.0,7.0,Sunnyside NB,Thursday
0.0,23.0,Powell to I-205 NB,Wednesday
4.0,4.0,Division NB,Sunday
3.0,18.0,Columbia to I-205 SB,Thursday
0.0,8.0,Foster SB,Wednesday
0.0,22.0,Johnson Creek SB,Tuesday
3.0,10.0,Johnson Creek SB,Wednesday
0.0,19.0,Foster SB,Sunday
0.0,0.0,Airportway EB to SB,Monday
4.0,4.0,Glisan to I-205 SB,Monday
0.0,7.0,Airportway WB to SB,Saturday
1.0,3.0,Division SB,Friday
0.0,8.0,Johnson Cr NB,Sunday
0.0,13.0,Foster SB,Tuesday
0.0,11.0,Division SB,Sunday
0.0,19.0,Foster SB,Tuesday
1.0,8.0,Johnson Creek SB,Tuesday
4.0,16.0,Division NB,Saturday
2.0,5.0,Johnson Creek SB,Wednesday
10.0,5.0,Sunnyside NB,Wednesday
11.0,1.0,Sunnyside NB,Sunday
0.0,20.0,Airportway EB to SB,Saturday
0.0,2.0,Division SB,Thursday
7.0,9.0,Powell Blvd SB,Tuesday
0.0,7.0,Division SB,Tuesday
0.0,12.0,Airportway EB to SB,Tuesday
0.0,13.0,Division NB,Thursday
4.0,18.0,Glisan to I-205 SB,Monday
6.0,22.0,Sunnyside NB,Thursday
1.0,1.0,Columbia to I-205 SB,Thursday
2.0,1.0,Glisan to I-205 SB,Sunday
0.0,21.0,Division SB,Tuesday
0.0,20.0,Powell to I-205 NB,Wednesday
0.0,16.0,Division SB,Friday
0.0,16.0,Foster SB,Thursday
2.0,15.0,Powell Blvd SB,Friday
0.0,22.0,Glisan to I-205 SB,Friday
9.0,11.0,Foster NB,Tuesday
2.0,13.0,Division SB,Sunday
0.0,17.0,Division SB,Monday
0.0,21.0,Glisan to I-205 SB,Thursday
0.0,0.0,Foster SB,Friday
0.0,20.0,Foster SB,Thursday
5.0,13.0,Powell to I-205 NB,Sunday
7.0,20.0,Sunnyside NB,Saturday
1.0,2.0,Stark/Washington SB,Thursday
0.0,15.0,Airportway WB to SB,Wednesday
0.0,18.0,Johnson Cr NB,Saturday
0.0,21.0,Stark/Washington SB,Saturday
6.0,5.0,Division NB,Sunday
1.0,19.0,Johnson Creek SB,Saturday
3.0,2.0,Airportway WB to SB,Thursday
8.0,19.0,Sunnyside NB,Thursday
7.0,8.0,Division NB,Wednesday
0.0,13.0,Powell to I-205 NB,Tuesday
3.0,9.0,Johnson Creek SB,Thursday
8.0,11.0,Glisan to I-205 SB,Thursday
0.0,9.0,Stark/Washington SB,Saturday
0.0,15.0,Division SB,Thursday
0.0,3.0,Foster SB,Friday
1.0,5.0,Division SB,Thursday
0.0,14.0,Foster NB,Wednesday
1.0,2.0,Division SB,Monday
4.0,3.0,Columbia to I-205 SB,Thursday
9.0,12.0,Columbia to I-205 SB,Wednesday
2.0,2.0,Powell to I-205 NB,Monday
0.0,13.0,Foster SB,Wednesday
2.0,7.0,Columbia to I-205 SB,Tuesday
0.0,11.0,Johnson Cr NB,Thursday
1.0,11.0,Airportway WB to SB,Saturday
0.0,17.0,Airportway EB to SB,Saturday
0.0,5.0,Johnson Cr NB,Thursday
0.0,3.0,Airportway EB to SB,Thursday
1.0,13.0,Division SB,Tuesday
1.0,16.0,Powell Blvd SB,Tuesday
2.0,23.0,Airportway WB to SB,Saturday
0.0,9.0,Airportway EB to SB,Saturday
0.0,6.0,Johnson Cr NB,Wednesday
9.0,4.0,Sunnyside NB,Wednesday
2.0,18.0,Powell Blvd SB,Wednesday
1.0,23.0,Columbia to I-205 SB,Sunday
0.0,14.0,Johnson Creek SB,Wednesday
0.0,12.0,Airportway EB to SB,Monday
0.0,21.0,Powell to I-205 NB,Thursday
5.0,0.0,Glisan to I-205 SB,Monday
1.0,17.0,Foster SB,Monday
11.0,7.0,Powell Blvd SB,Saturday
1.0,3.0,Stark/Washington SB,Friday
2.0,17.0,Powell to I-205 NB,Monday
0.0,1.0,Airportway EB to SB,Saturday
0.0,7.0,Division SB,Sunday
0.0,22.0,Foster NB,Tuesday
15.0,11.0,Sunnyside NB,Saturday
6.0,11.0,Powell to I-205 NB,Thursday
1.0,6.0,Stark/Washington SB,Thursday
4.0,11.0,Powell to I-205 NB,Tuesday
10.0,7.0,Foster NB,Friday
1.0,11.0,Foster SB,Sunday
1.0,4.0,Foster NB,Friday
12.0,7.0,Division NB,Wednesday
0.0,1.0,Powell to I-205 NB,Saturday
8.0,4.0,Division NB,Monday
1.0,12.0,Powell to I-205 NB,Thursday
0.0,23.0,Foster SB,Sunday
0.0,17.0,Johnson Creek SB,Friday
0.0,14.0,Division NB,Wednesday
0.0,18.0,Powell to I-205 NB,Wednesday
5.0,8.0,Powell to I-205 NB,Saturday
2.0,1.0,Powell Blvd SB,Sunday
1.0,16.0,Columbia to I-205 SB,Tuesday
1.0,3.0,Glisan to I-205 SB,Wednesday
1.0,13.0,Johnson Cr NB,Tuesday
7.0,11.0,Powell Blvd SB,Thursday
13.0,11.0,Powell Blvd SB,Monday
3.0,20.0,Columbia to I-205 SB,Tuesday
1.0,17.0,Powell Blvd SB,Monday
0.0,18.0,Glisan to I-205 SB,Friday
3.0,11.0,Powell to I-205 NB,Sunday
15.0,20.0,Sunnyside NB,Thursday
0.0,12.0,Airportway EB to SB,Wednesday
0.0,17.0,Stark/Washington SB,Monday
1.0,3.0,Powell to I-205 NB,Friday
0.0,6.0,Airportway EB to SB,Wednesday
16.0,14.0,Columbia to I-205 SB,Sunday
1.0,11.0,Stark/Washington SB,Thursday
0.0,2.0,Foster SB,Sunday
8.0,6.0,Johnson Creek SB,Monday
13.0,6.0,Powell Blvd SB,Thursday
0.0,4.0,Powell to I-205 NB,Sunday
0.0,20.0,Powell Blvd SB,Tuesday
0.0,18.0,Johnson Cr NB,Monday
0.0,22.0,Division NB,Friday
3.0,22.0,Glisan to I-205 SB,Sunday
13.0,12.0,Sunnyside NB,Tuesday
0.0,7.0,Stark/Washington SB,Saturday
16.0,22.0,Sunnyside NB,Sunday
9.0,7.0,Foster NB,Thursday
0.0,21.0,Johnson Cr NB,Wednesday
0.0,19.0,Columbia to I-205 SB,Saturday
0.0,5.0,Airportway EB to SB,Monday
2.0,16.0,Powell Blvd SB,Saturday
0.0,14.0,Columbia to I-205 SB,Tuesday
1.0,18.0,Stark/Washington SB,Wednesday
11.0,8.0,Sunnyside NB,Saturday
1.0,14.0,Powell Blvd SB,Friday
0.0,0.0,Foster NB,Saturday
3.0,4.0,Powell Blvd SB,Saturday
0.0,8.0,Division SB,Thursday
1.0,16.0,Airportway WB to SB,Tuesday
3.0,3.0,Powell Blvd SB,Friday
15.0,17.0,Sunnyside NB,Friday
5.0,6.0,Foster NB,Sunday
7.0,14.0,Foster NB,Saturday
1.0,6.0,Airportway WB to SB,Monday
4.0,13.0,Foster NB,Saturday
0.0,2.0,Airportway EB to SB,Tuesday
0.0,0.0,Johnson Cr NB,Tuesday
0.0,21.0,Johnson Creek SB,Friday
0.0,10.0,Airportway WB to SB,Monday
1.0,17.0,Stark/Washington SB,Thursday
0.0,0.0,Columbia to I-205 SB,Saturday
6.0,6.0,Foster NB,Saturday
0.0,17.0,Division SB,Saturday
6.0,5.0,Division NB,Saturday
1.0,8.0,Stark/Washington SB,Monday
0.0,14.0,Division SB,Friday
4.0,9.0,Columbia to I-205 SB,Tuesday
0.0,14.0,Powell to I-205 NB,Friday
3.0,23.0,Sunnyside NB,Wednesday
2.0,3.0,Johnson Creek SB,Sunday
11.0,9.0,Division NB,Tuesday
0.0,1.0,Foster SB,Sunday
0.0,14.0,Foster NB,Monday
1.0,3.0,Airportway EB to SB,Saturday
9.0,23.0,Sunnyside NB,Sunday
2.0,19.0,Columbia to I-205 SB,Tuesday
13.0,3.0,Sunnyside NB,Monday
0.0,2.0,Division SB,Sunday
0.0,21.0,Division NB,Friday
3.0,5.0,Johnson Cr NB,Monday
1.0,8.0,Division SB,Sunday
11.0,9.0,Foster NB,Friday
0.0,13.0,Foster SB,Friday
20.0,6.0,Sunnyside NB,Sunday
3.0,6.0,Johnson Creek SB,Sunday
2.0,11.0,Glisan to I-205 SB,Sunday
3.0,12.0,Powell to I-205 NB,Monday
0.0,4.0,Johnson Creek SB,Friday
0.0,4.0,Foster SB,Wednesday
0.0,15.0,Stark/Washington SB,Sunday
0.0,9.0,Airportway EB to SB,Monday
0.0,18.0,Johnson Creek SB,Wednesday
6.0,5.0,Foster NB,Friday
1.0,21.0,Columbia to I-205 SB,Sunday
10.0,10.0,Foster NB,Friday
7.0,7.0,Glisan to I-205 SB,Wednesday
2.0,11.0,Division SB,Wednesday
0.0,3.0,Foster SB,Tuesday
2.0,9.0,Powell to I-205 NB,Monday
0.0,15.0,Airportway WB to SB,Tuesday
0.0,5.0,Division SB,Wednesday
0.0,12.0,Foster SB,Monday
0.0,22.0,Johnson Cr NB,Sunday
0.0,6.0,Johnson Cr NB,Saturday
0.0,21.0,Powell to I-205 NB,Saturday
0.0,17.0,Division SB,Tuesday
5.0,14.0,Airportway WB to SB,Saturday
0.0,2.0,Airportway EB to SB,Thursday
0.0,20.0,Foster SB,Saturday
0.0,18.0,Foster SB,Thursday
0.0,18.0,Airportway EB to SB,Saturday
1.0,12.0,Airportway WB to SB,Wednesday
2.0,19.0,Glisan to I-205 SB,Wednesday
1.0,0.0,Airportway WB to SB,Monday
0.0,23.0,Powell to I-205 NB,Saturday
14.0,19.0,Sunnyside NB,Sunday
0.0,7.0,Airportway EB to SB,Wednesday
0.0,4.0,Division SB,Friday
1.0,22.0,Division NB,Sunday
0.0,18.0,Division SB,Wednesday
1.0,23.0,Glisan to I-205 SB,Saturday
0.0,6.0,Foster SB,Saturday
0.0,16.0,Powell Blvd SB,Monday
1.0,21.0,Airportway EB to SB,Saturday
3.0,6.0,Powell to I-205 NB,Saturday
1.0,12.0,Division SB,Thursday
0.0,15.0,Airportway EB to SB,Saturday
1.0,3.0,Powell to I-205 NB,Tuesday
0.0,14.0,Foster SB,Friday
0.0,15.0,Johnson Cr NB,Tuesday
1.0,8.0,Powell to I-205 NB,Monday
1.0,9.0,Johnson Cr NB,Monday
0.0,2.0,Foster SB,Tuesday
12.0,13.0,Sunnyside NB,Sunday
0.0,1.0,Division NB,Sunday
5.0,10.0,Sunnyside NB,Saturday
5.0,9.0,Glisan to I-205 SB,Friday
1.0,18.0,Division NB,Wednesday
12.0,11.0,Division NB,Thursday
15.0,20.0,Sunnyside NB,Tuesday
0.0,15.0,Foster SB,Saturday
0.0,20.0,Airportway WB to SB,Friday
3.0,11.0,Airportway WB to SB,Monday
3.0,8.0,Glisan to I-205 SB,Wednesday
6.0,10.0,Columbia to I-205 SB,Wednesday
0.0,13.0,Foster NB,Wednesday
5.0,4.0,Powell to I-205 NB,Monday
9.0,10.0,Foster NB,Wednesday
11.0,12.0,Division NB,Thursday
0.0,19.0,Stark/Washington SB,Thursday
1.0,13.0,Glisan to I-205 SB,Tuesday
2.0,3.0,Foster NB,Friday
2.0,15.0,Columbia to I-205 SB,Friday
9.0,7.0,Powell Blvd SB,Wednesday
13.0,9.0,Sunnyside NB,Friday
2.0,2.0,Powell Blvd SB,Friday
0.0,22.0,Stark/Washington SB,Monday
1.0,11.0,Stark/Washington SB,Friday
2.0,23.0,Sunnyside NB,Thursday
2.0,8.0,Stark/Washington SB,Friday
0.0,19.0,Johnson Creek SB,Tuesday
0.0,7.0,Foster SB,Monday
1.0,3.0,Stark/Washington SB,Tuesday
0.0,8.0,Airportway WB to SB,Saturday
0.0,4.0,Airportway EB to SB,Thursday
1.0,21.0,Glisan to I-205 SB,Tuesday
0.0,15.0,Johnson Creek SB,Friday
1.0,5.0,Johnson Creek SB,Sunday
8.0,6.0,Columbia to I-205 SB,Friday
0.0,0.0,Columbia to I-205 SB,Wednesday
2.0,12.0,Division SB,Tuesday
0.0,13.0,Johnson Cr NB,Wednesday
2.0,19.0,Powell to I-205 NB,Monday
13.0,13.0,Powell Blvd SB,Sunday
0.0,22.0,Stark/Washington SB,Tuesday
0.0,15.0,Johnson Cr NB,Saturday
0.0,9.0,Foster SB,Saturday
3.0,5.0,Powell to I-205 NB,Thursday
0.0,20.0,Foster NB,Thursday
0.0,7.0,Foster SB,Thursday
0.0,22.0,Powell to I-205 NB,Friday
3.0,12.0,Johnson Creek SB,Saturday
0.0,12.0,Airportway EB to SB,Saturday
0.0,22.0,Foster SB,Friday
10.0,10.0,Glisan to I-205 SB,Saturday
15.0,4.0,Sunnyside NB,Sunday
11.0,8.0,Johnson Creek SB,Sunday
0.0,6.0,Airportway EB to SB,Saturday
0.0,12.0,Foster SB,Thursday
1.0,0.0,Johnson Cr NB,Friday
0.0,14.0,Powell to I-205 NB,Thursday
2.0,4.0,Columbia to I-205 SB,Sunday
1.0,17.0,Division NB,Wednesday
3.0,4.0,Johnson Creek SB,Wednesday
1.0,19.0,Columbia to I-205 SB,Sunday
0.0,0.0,Powell Blvd SB,Tuesday
0.0,0.0,Powell Blvd SB,Thursday
0.0,18.0,Division SB,Thursday
2.0,19.0,Powell Blvd SB,Wednesday
0.0,22.0,Stark/Washington SB,Friday
3.0,9.0,Foster NB,Saturday
16.0,10.0,Columbia to I-205 SB,Friday
6.0,5.0,Powell Blvd SB,Tuesday
0.0,14.0,Division NB,Friday
0.0,1.0,Powell to I-205 NB,Friday
0.0,22.0,Johnson Cr NB,Friday
16.0,13.0,Division NB,Saturday
0.0,10.0,Johnson Cr NB,Tuesday
0.0,0.0,Division SB,Saturday
0.0,21.0,Powell to I-205 NB,Tuesday
0.0,12.0,Airportway EB to SB,Thursday
0.0,15.0,Foster NB,Thursday
2.0,6.0,Powell to I-205 NB,Sunday
1.0,1.0,Division SB,Friday
0.0,4.0,Foster SB,Monday
0.0,22.0,Division SB,Sunday
0.0,21.0,Johnson Creek SB,Monday
0.0,11.0,Stark/Washington SB,Wednesday
2.0,3.0,Powell to I-205 NB,Wednesday
2.0,8.0,Stark/Washington SB,Wednesday
0.0,17.0,Johnson Creek SB,Saturday
2.0,3.0,Glisan to I-205 SB,Monday
4.0,21.0,Sunnyside NB,Wednesday
0.0,14.0,Columbia to I-205 SB,Monday
3.0,12.0,Columbia to I-205 SB,Tuesday
3.0,0.0,Airportway WB to SB,Sunday
1.0,20.0,Stark/Washington SB,Wednesday
1.0,2.0,Airportway WB to SB,Saturday
0.0,18.0,Johnson Creek SB,Friday
2.0,11.0,Airportway WB to SB,Tuesday
0.0,5.0,Johnson Cr NB,Friday
0.0,21.0,Powell Blvd SB,Tuesday
4.0,2.0,Foster NB,Tuesday
0.0,18.0,Foster SB,Monday
2.0,1.0,Foster NB,Tuesday
1.0,16.0,Johnson Creek SB,Monday
1.0,10.0,Division SB,Sunday
9.0,11.0,Sunnyside NB,Sunday
0.0,22.0,Division SB,Friday
1.0,1.0,Powell Blvd SB,Monday
1.0,17.0,Glisan to I-205 SB,Monday
2.0,15.0,Powell Blvd SB,Thursday
1.0,10.0,Airportway WB to SB,Tuesday
0.0,21.0,Johnson Creek SB,Thursday
0.0,19.0,Division SB,Monday
1.0,17.0,Columbia to I-205 SB,Monday
9.0,13.0,Columbia to I-205 SB,Saturday
3.0,3.0,Division NB,Monday
3.0,17.0,Division NB,Tuesday
22.0,10.0,Powell Blvd SB,Sunday
1.0,16.0,Powell to I-205 NB,Wednesday
0.0,17.0,Glisan to I-205 SB,Friday
15.0,18.0,Sunnyside NB,Sunday
0.0,22.0,Division SB,Thursday
0.0,13.0,Division NB,Friday
10.0,6.0,Glisan to I-205 SB,Sunday
0.0,22.0,Powell Blvd SB,Sunday
16.0,11.0,Division NB,Wednesday
0.0,13.0,Airportway WB to SB,Monday
2.0,20.0,Foster NB,Saturday
0.0,17.0,Powell to I-205 NB,Sunday
4.0,19.0,Foster NB,Saturday
12.0,7.0,Powell Blvd SB,Thursday
1.0,18.0,Johnson Creek SB,Tuesday
8.0,8.0,Glisan to I-205 SB,Sunday
1.0,2.0,Johnson Creek SB,Friday
6.0,15.0,Sunnyside NB,Tuesday
0.0,4.0,Division SB,Monday
3.0,3.0,Foster NB,Thursday
1.0,3.0,Glisan to I-205 SB,Friday
8.0,6.0,Powell Blvd SB,Wednesday
0.0,5.0,Foster SB,Sunday
0.0,0.0,Airportway EB to SB,Wednesday
2.0,17.0,Powell Blvd SB,Saturday
6.0,3.0,Columbia to I-205 SB,Friday
10.0,10.0,Sunnyside NB,Wednesday
11.0,10.0,Columbia to I-205 SB,Monday
0.0,16.0,Powell to I-205 NB,Tuesday
1.0,17.0,Division NB,Friday
5.0,14.0,Sunnyside NB,Friday
0.0,22.0,Division SB,Monday
0.0,23.0,Johnson Cr NB,Monday
1.0,9.0,Division SB,Tuesday
6.0,13.0,Johnson Creek SB,Sunday
3.0,6.0,Airportway WB to SB,Sunday
2.0,3.0,Powell Blvd SB,Thursday
0.0,3.0,Division SB,Tuesday
0.0,17.0,Airportway WB to SB,Friday
7.0,11.0,Powell to I-205 NB,Monday
0.0,1.0,Division NB,Saturday
1.0,16.0,Division NB,Thursday
1.0,6.0,Johnson Cr NB,Sunday
2.0,7.0,Johnson Cr NB,Saturday
3.0,19.0,Powell to I-205 NB,Saturday
0.0,8.0,Johnson Cr NB,Monday
1.0,13.0,Foster NB,Thursday
3.0,8.0,Foster NB,Thursday
0.0,3.0,Division SB,Sunday
1.0,12.0,Airportway WB to SB,Tuesday
2.0,4.0,Columbia to I-205 SB,Friday
0.0,9.0,Division SB,Sunday
0.0,18.0,Foster SB,Saturday
0.0,20.0,Powell to I-205 NB,Friday
0.0,23.0,Foster NB,Saturday
0.0,16.0,Foster SB,Saturday
0.0,15.0,Powell to I-205 NB,Tuesday
0.0,15.0,Division SB,Tuesday
1.0,22.0,Columbia to I-205 SB,Wednesday
8.0,7.0,Columbia to I-205 SB,Sunday
0.0,21.0,Airportway WB to SB,Thursday
13.0,12.0,Powell Blvd SB,Thursday
1.0,9.0,Stark/Washington SB,Wednesday
5.0,3.0,Airportway WB to SB,Monday
1.0,4.0,Powell to I-205 NB,Saturday
2.0,6.0,Stark/Washington SB,Wednesday
0.0,18.0,Johnson Cr NB,Tuesday
0.0,1.0,Powell to I-205 NB,Tuesday
9.0,22.0,Sunnyside NB,Saturday
13.0,10.0,Division NB,Tuesday
0.0,4.0,Foster SB,Sunday
4.0,19.0,Glisan to I-205 SB,Sunday
6.0,8.0,Glisan to I-205 SB,Tuesday
0.0,20.0,Powell Blvd SB,Friday
0.0,18.0,Division SB,Friday
6.0,9.0,Sunnyside NB,Wednesday
0.0,3.0,Foster SB,Wednesday
1.0,0.0,Columbia to I-205 SB,Tuesday
0.0,14.0,Johnson Creek SB,Thursday
0.0,14.0,Airportway EB to SB,Sunday
0.0,14.0,Foster SB,Wednesday
3.0,7.0,Foster NB,Tuesday
0.0,22.0,Stark/Washington SB,Sunday
3.0,8.0,Johnson Creek SB,Thursday
0.0,18.0,Johnson Creek SB,Monday
0.0,6.0,Foster SB,Tuesday
2.0,8.0,Powell to I-205 NB,Sunday
6.0,12.0,Foster NB,Wednesday
0.0,21.0,Johnson Creek SB,Tuesday
0.0,7.0,Airportway WB to SB,Friday
0.0,16.0,Stark/Washington SB,Monday
0.0,23.0,Division NB,Saturday
5.0,10.0,Stark/Washington SB,Sunday
0.0,20.0,Powell to I-205 NB,Tuesday
0.0,20.0,Johnson Cr NB,Saturday
3.0,12.0,Airportway WB to SB,Sunday
1.0,18.0,Powell to I-205 NB,Tuesday
1.0,10.0,Johnson Cr NB,Sunday
1.0,2.0,Powell Blvd SB,Thursday
7.0,12.0,Columbia to I-205 SB,Saturday
0.0,14.0,Stark/Washington SB,Tuesday
15.0,13.0,Foster NB,Sunday
18.0,16.0,Sunnyside NB,Sunday
0.0,13.0,Stark/Washington SB,Tuesday
8.0,16.0,Foster NB,Sunday
1.0,18.0,Airportway WB to SB,Tuesday
0.0,20.0,Johnson Cr NB,Friday
0.0,0.0,Division SB,Monday
0.0,19.0,Foster SB,Saturday
2.0,5.0,Airportway WB to SB,Sunday
2.0,6.0,Airportway WB to SB,Tuesday
0.0,21.0,Powell to I-205 NB,Monday
0.0,4.0,Johnson Cr NB,Wednesday
0.0,2.0,Airportway EB to SB,Wednesday
1.0,13.0,Glisan to I-205 SB,Wednesday
0.0,15.0,Stark/Washington SB,Thursday
4.0,15.0,Glisan to I-205 SB,Saturday
10.0,7.0,Powell to I-205 NB,Thursday
8.0,7.0,Division NB,Sunday
6.0,9.0,Glisan to I-205 SB,Thursday
8.0,9.0,Sunnyside NB,Tuesday
0.0,15.0,Powell Blvd SB,Tuesday
12.0,11.0,Columbia to I-205 SB,Tuesday
1.0,21.0,Airportway WB to SB,Monday
0.0,14.0,Foster SB,Thursday
7.0,11.0,Glisan to I-205 SB,Tuesday
0.0,2.0,Johnson Cr NB,Friday
3.0,8.0,Powell to I-205 NB,Thursday
1.0,0.0,Division NB,Sunday
11.0,13.0,Sunnyside NB,Saturday
0.0,5.0,Foster SB,Saturday
2.0,10.0,Johnson Creek SB,Tuesday
0.0,1.0,Columbia to I-205 SB,Saturday
7.0,7.0,Johnson Creek SB,Saturday
3.0,23.0,Sunnyside NB,Tuesday
0.0,18.0,Johnson Cr NB,Wednesday
0.0,23.0,Powell Blvd SB,Wednesday
7.0,11.0,Glisan to I-205 SB,Friday
0.0,13.0,Airportway EB to SB,Thursday
0.0,21.0,Airportway EB to SB,Sunday
0.0,1.0,Foster SB,Tuesday
3.0,7.0,Columbia to I-205 SB,Wednesday
16.0,11.0,Powell Blvd SB,Wednesday
0.0,21.0,Division NB,Wednesday
0.0,23.0,Johnson Cr NB,Thursday
0.0,8.0,Airportway EB to SB,Sunday
5.0,5.0,Glisan to I-205 SB,Tuesday
0.0,4.0,Division SB,Sunday
5.0,9.0,Johnson Creek SB,Saturday
22.0,10.0,Sunnyside NB,Friday
0.0,19.0,Division SB,Friday
0.0,9.0,Airportway WB to SB,Friday
4.0,6.0,Powell to I-205 NB,Monday
0.0,11.0,Foster SB,Thursday
0.0,19.0,Airportway EB to SB,Wednesday
0.0,5.0,Stark/Washington SB,Tuesday
0.0,1.0,Johnson Cr NB,Wednesday
0.0,14.0,Division SB,Monday
0.0,1.0,Powell to I-205 NB,Wednesday
0.0,16.0,Johnson Cr NB,Monday
0.0,21.0,Powell Blvd SB,Thursday
0.0,6.0,Division SB,Tuesday
3.0,5.0,Powell to I-205 NB,Sunday
1.0,9.0,Airportway WB to SB,Wednesday
4.0,3.0,Powell Blvd SB,Monday
13.0,10.0,Powell Blvd SB,Monday
1.0,8.0,Division SB,Saturday
0.0,1.0,Airportway EB to SB,Wednesday
5.0,20.0,Airportway WB to SB,Tuesday
0.0,10.0,Foster SB,Monday
0.0,20.0,Airportway EB to SB,Wednesday
7.0,8.0,Glisan to I-205 SB,Thursday
7.0,14.0,Sunnyside NB,Tuesday
2.0,3.0,Stark/Washington SB,Sunday
10.0,6.0,Powell Blvd SB,Monday
0.0,14.0,Airportway EB to SB,Wednesday
0.0,16.0,Powell Blvd SB,Thursday
2.0,12.0,Johnson Creek SB,Thursday
0.0,13.0,Foster SB,Thursday
2.0,1.0,Airportway WB to SB,Sunday
21.0,11.0,Sunnyside NB,Wednesday
0.0,22.0,Johnson Cr NB,Thursday
4.0,7.0,Foster NB,Saturday
0.0,15.0,Johnson Cr NB,Friday
4.0,18.0,Foster NB,Saturday
4.0,19.0,Columbia to I-205 SB,Monday
4.0,4.0,Glisan to I-205 SB,Friday
5.0,11.0,Columbia to I-205 SB,Saturday
2.0,17.0,Columbia to I-205 SB,Saturday
1.0,6.0,Johnson Cr NB,Tuesday
2.0,7.0,Foster SB,Friday
0.0,17.0,Powell Blvd SB,Friday
0.0,3.0,Foster SB,Thursday
0.0,14.0,Powell to I-205 NB,Wednesday
6.0,5.0,Powell Blvd SB,Saturday
13.0,11.0,Powell Blvd SB,Friday
0.0,1.0,Glisan to I-205 SB,Saturday
8.0,8.0,Foster NB,Sunday
1.0,22.0,Foster NB,Saturday
0.0,10.0,Airportway EB to SB,Wednesday
0.0,16.0,Johnson Creek SB,Thursday
3.0,17.0,Airportway WB to SB,Saturday
0.0,19.0,Foster NB,Tuesday
6.0,18.0,Foster NB,Sunday
2.0,3.0,Foster NB,Wednesday
0.0,8.0,Division SB,Monday
0.0,20.0,Division NB,Friday
10.0,14.0,Division NB,Saturday
6.0,10.0,Powell to I-205 NB,Tuesday
9.0,22.0,Sunnyside NB,Wednesday
0.0,12.0,Johnson Cr NB,Saturday
1.0,21.0,Airportway WB to SB,Wednesday
0.0,23.0,Glisan to I-205 SB,Tuesday
0.0,1.0,Columbia to I-205 SB,Friday
0.0,1.0,Glisan to I-205 SB,Monday
8.0,1.0,Sunnyside NB,Monday
0.0,23.0,Airportway EB to SB,Tuesday
7.0,3.0,Powell Blvd SB,Sunday
0.0,13.0,Johnson Creek SB,Wednesday
7.0,8.0,Sunnyside NB,Monday
0.0,21.0,Foster SB,Monday
0.0,14.0,Division SB,Saturday
2.0,2.0,Columbia to I-205 SB,Sunday
1.0,13.0,Powell to I-205 NB,Monday
9.0,9.0,Sunnyside NB,Thursday
1.0,6.0,Airportway EB to SB,Friday
0.0,15.0,Johnson Creek SB,Tuesday
15.0,15.0,Glisan to I-205 SB,Sunday
0.0,19.0,Johnson Cr NB,Tuesday
0.0,19.0,Airportway WB to SB,Sunday
0.0,8.0,Airportway EB to SB,Friday
13.0,17.0,Sunnyside NB,Tuesday
0.0,0.0,Division SB,Sunday
0.0,3.0,Johnson Cr NB,Sunday
1.0,0.0,Division NB,Monday
1.0,7.0,Airportway WB to SB,Sunday
11.0,10.0,Powell Blvd SB,Tuesday
0.0,16.0,Airportway WB to SB,Friday
2.0,21.0,Airportway WB to SB,Tuesday
1.0,2.0,Johnson Creek SB,Tuesday
0.0,15.0,Glisan to I-205 SB,Friday
1.0,2.0,Foster NB,Friday
13.0,12.0,Division NB,Wednesday
11.0,4.0,Sunnyside NB,Friday
0.0,22.0,Powell Blvd SB,Wednesday
1.0,18.0,Division NB,Tuesday
7.0,9.0,Columbia to I-205 SB,Sunday
0.0,0.0,Johnson Cr NB,Wednesday
0.0,23.0,Division SB,Saturday
0.0,22.0,Columbia to I-205 SB,Thursday
1.0,13.0,Airportway WB to SB,Tuesday
0.0,10.0,Johnson Cr NB,Monday
7.0,12.0,Glisan to I-205 SB,Thursday
0.0,2.0,Powell to I-205 NB,Saturday
0.0,4.0,Stark/Washington SB,Friday
0.0,20.0,Airportway EB to SB,Monday
1.0,10.0,Airportway EB to SB,Thursday
2.0,10.0,Airportway WB to SB,Thursday
4.0,15.0,Johnson Creek SB,Sunday
0.0,15.0,Johnson Cr NB,Wednesday
1.0,6.0,Johnson Cr NB,Thursday
0.0,6.0,Foster SB,Sunday
0.0,0.0,Airportway EB to SB,Thursday
0.0,23.0,Glisan to I-205 SB,Wednesday
9.0,9.0,Glisan to I-205 SB,Sunday
0.0,14.0,Glisan to I-205 SB,Monday
2.0,22.0,Airportway WB to SB,Thursday
0.0,18.0,Division NB,Friday
3.0,16.0,Foster NB,Saturday
4.0,2.0,Airportway WB to SB,Monday
1.0,1.0,Foster NB,Sunday
1.0,20.0,Glisan to I-205 SB,Saturday
0.0,17.0,Stark/Washington SB,Tuesday
0.0,4.0,Foster NB,Sunday
0.0,19.0,Airportway EB to SB,Tuesday
2.0,2.0,Division NB,Thursday
5.0,10.0,Powell to I-205 NB,Sunday
1.0,16.0,Foster NB,Monday
1.0,5.0,Airportway EB to SB,Friday
0.0,18.0,Foster NB,Thursday
0.0,11.0,Division SB,Tuesday
0.0,22.0,Glisan to I-205 SB,Monday
0.0,16.0,Airportway EB to SB,Friday
0.0,16.0,Johnson Cr NB,Thursday
5.0,22.0,Sunnyside NB,Tuesday
0.0,16.0,Foster SB,Tuesday
4.0,7.0,Johnson Creek SB,Thursday
0.0,23.0,Powell Blvd SB,Thursday
15.0,5.0,Sunnyside NB,Tuesday
0.0,22.0,Foster SB,Tuesday
0.0,21.0,Division NB,Thursday
0.0,1.0,Stark/Washington SB,Saturday
0.0,6.0,Airportway WB to SB,Friday
3.0,4.0,Powell to I-205 NB,Thursday
14.0,9.0,Division NB,Monday
0.0,17.0,Powell to I-205 NB,Saturday
2.0,13.0,Airportway WB to SB,Sunday
32.0,11.0,Sunnyside NB,Friday
10.0,18.0,Sunnyside NB,Thursday
1.0,21.0,Foster NB,Wednesday
0.0,21.0,Division NB,Monday
0.0,23.0,Powell to I-205 NB,Monday
3.0,18.0,Foster NB,Wednesday
0.0,0.0,Foster SB,Saturday
13.0,6.0,Division NB,Monday
7.0,7.0,Columbia to I-205 SB,Monday
0.0,3.0,Powell to I-205 NB,Thursday
0.0,9.0,Division SB,Thursday
1.0,1.0,Powell to I-205 NB,Thursday
1.0,21.0,Powell Blvd SB,Wednesday
0.0,16.0,Stark/Washington SB,Saturday
0.0,17.0,Johnson Cr NB,Wednesday
1.0,19.0,Airportway WB to SB,Tuesday
0.0,23.0,Airportway EB to SB,Monday
0.0,23.0,Stark/Washington SB,Thursday
14.0,10.0,Powell Blvd SB,Friday
0.0,2.0,Airportway EB to SB,Monday
0.0,11.0,Johnson Cr NB,Wednesday
14.0,8.0,Powell Blvd SB,Saturday
2.0,6.0,Johnson Cr NB,Monday
6.0,10.0,Powell to I-205 NB,Thursday
0.0,22.0,Airportway EB to SB,Thursday
3.0,16.0,Glisan to I-205 SB,Saturday
5.0,10.0,Glisan to I-205 SB,Wednesday
1.0,15.0,Glisan to I-205 SB,Monday
12.0,10.0,Foster NB,Saturday
0.0,0.0,Johnson Cr NB,Saturday
0.0,16.0,Division SB,Thursday
0.0,8.0,Johnson Cr NB,Thursday
3.0,18.0,Glisan to I-205 SB,Sunday
1.0,20.0,Airportway WB to SB,Monday
0.0,10.0,Division SB,Monday
2.0,0.0,Columbia to I-205 SB,Sunday
5.0,8.0,Foster NB,Monday
0.0,21.0,Foster NB,Monday
0.0,13.0,Airportway EB to SB,Tuesday
10.0,5.0,Columbia to I-205 SB,Wednesday
2.0,2.0,Columbia to I-205 SB,Thursday
3.0,11.0,Stark/Washington SB,Monday
0.0,8.0,Foster SB,Tuesday
7.0,5.0,Powell to I-205 NB,Friday
2.0,13.0,Columbia to I-205 SB,Tuesday
0.0,20.0,Stark/Washington SB,Friday
1.0,21.0,Columbia to I-205 SB,Friday
0.0,3.0,Airportway EB to SB,Friday
0.0,8.0,Foster SB,Sunday
0.0,22.0,Stark/Washington SB,Wednesday
1.0,13.0,Stark/Washington SB,Saturday
0.0,0.0,Johnson Creek SB,Tuesday
0.0,0.0,Stark/Washington SB,Wednesday
5.0,5.0,Glisan to I-205 SB,Sunday
5.0,6.0,Glisan to I-205 SB,Tuesday
2.0,18.0,Division NB,Saturday
3.0,5.0,Johnson Creek SB,Thursday
0.0,14.0,Airportway WB to SB,Wednesday
0.0,7.0,Johnson Cr NB,Tuesday
3.0,9.0,Stark/Washington SB,Tuesday
1.0,1.0,Johnson Cr NB,Monday
0.0,15.0,Powell to I-205 NB,Friday
16.0,11.0,Powell Blvd SB,Tuesday
8.0,6.0,Division NB,Sunday
6.0,12.0,Foster NB,Sunday
4.0,10.0,Glisan to I-205 SB,Monday
9.0,12.0,Glisan to I-205 SB,Saturday
0.0,22.0,Columbia to I-205 SB,Friday
2.0,10.0,Stark/Washington SB,Friday
1.0,11.0,Stark/Washington SB,Sunday
0.0,23.0,Columbia to I-205 SB,Thursday
1.0,4.0,Division SB,Wednesday
0.0,22.0,Airportway WB to SB,Friday
1.0,18.0,Division NB,Sunday
0.0,19.0,Division SB,Thursday
1.0,14.0,Foster NB,Friday
0.0,23.0,Foster SB,Monday
0.0,23.0,Airportway EB to SB,Thursday
1.0,19.0,Glisan to I-205 SB,Saturday
0.0,2.0,Foster SB,Saturday
0.0,17.0,Foster SB,Friday
0.0,17.0,Airportway EB to SB,Monday
13.0,9.0,Powell Blvd SB,Friday
0.0,22.0,Airportway EB to SB,Friday
0.0,10.0,Division SB,Saturday
1.0,11.0,Airportway EB to SB,Thursday
3.0,11.0,Johnson Creek SB,Thursday
0.0,13.0,Airportway EB to SB,Friday
0.0,18.0,Johnson Cr NB,Sunday
0.0,9.0,Foster SB,Thursday
0.0,21.0,Johnson Cr NB,Sunday
8.0,8.0,Powell Blvd SB,Tuesday
3.0,2.0,Airportway WB to SB,Sunday
0.0,22.0,Division NB,Wednesday
10.0,6.0,Foster NB,Thursday
3.0,3.0,Division NB,Sunday
0.0,11.0,Foster SB,Tuesday
2.0,12.0,Powell to I-205 NB,Wednesday
4.0,13.0,Columbia to I-205 SB,Friday
5.0,5.0,Glisan to I-205 SB,Saturday
0.0,6.0,Johnson Creek SB,Thursday
0.0,3.0,Division SB,Saturday
1.0,5.0,Johnson Creek SB,Monday
0.0,0.0,Foster SB,Wednesday
0.0,17.0,Johnson Cr NB,Sunday
0.0,4.0,Johnson Cr NB,Sunday
4.0,4.0,Glisan to I-205 SB,Sunday
0.0,1.0,Glisan to I-205 SB,Tuesday
0.0,13.0,Johnson Creek SB,Thursday
1.0,8.0,Powell to I-205 NB,Tuesday
14.0,16.0,Sunnyside NB,Thursday
0.0,5.0,Foster SB,Tuesday
3.0,5.0,Johnson Cr NB,Saturday
0.0,13.0,Airportway WB to SB,Thursday
0.0,5.0,Division SB,Saturday
11.0,5.0,Columbia to I-205 SB,Monday
13.0,13.0,Sunnyside NB,Thursday
0.0,14.0,Glisan to I-205 SB,Wednesday
12.0,6.0,Powell Blvd SB,Tuesday
0.0,8.0,Airportway WB to SB,Wednesday
7.0,18.0,Sunnyside NB,Wednesday
0.0,15.0,Glisan to I-205 SB,Thursday
6.0,9.0,Johnson Creek SB,Sunday
0.0,23.0,Division NB,Tuesday
0.0,17.0,Foster NB,Friday
1.0,18.0,Powell Blvd SB,Tuesday
0.0,15.0,Powell to I-205 NB,Monday
1.0,10.0,Stark/Washington SB,Wednesday
3.0,20.0,Airportway WB to SB,Wednesday
14.0,12.0,Sunnyside NB,Wednesday
1.0,6.0,Johnson Creek SB,Wednesday
0.0,21.0,Powell Blvd SB,Saturday
1.0,19.0,Johnson Cr NB,Saturday
1.0,12.0,Division SB,Monday
7.0,4.0,Powell Blvd SB,Sunday
0.0,21.0,Johnson Cr NB,Thursday
2.0,12.0,Johnson Creek SB,Sunday
0.0,8.0,Foster SB,Thursday
16.0,9.0,Powell Blvd SB,Saturday
0.0,23.0,Division SB,Tuesday
6.0,6.0,Columbia to I-205 SB,Saturday
8.0,15.0,Sunnyside NB,Sunday
0.0,0.0,Columbia to I-205 SB,Thursday
1.0,11.0,Johnson Cr NB,Friday
1.0,20.0,Airportway WB to SB,Sunday
3.0,3.0,Johnson Creek SB,Wednesday
1.0,3.0,Airportway WB to SB,Friday
2.0,6.0,Stark/Washington SB,Sunday
3.0,8.0,Airportway WB to SB,Sunday
2.0,17.0,Glisan to I-205 SB,Wednesday
0.0,0.0,Airportway WB to SB,Friday
1.0,4.0,Stark/Washington SB,Sunday
5.0,17.0,Division NB,Saturday
16.0,10.0,Division NB,Friday
3.0,3.0,Foster NB,Monday
1.0,14.0,Glisan to I-205 SB,Thursday
0.0,0.0,Powell to I-205 NB,Saturday
3.0,4.0,Foster NB,Monday
9.0,4.0,Division NB,Tuesday
0.0,16.0,Division NB,Wednesday
1.0,17.0,Columbia to I-205 SB,Wednesday
1.0,21.0,Foster NB,Thursday
1.0,0.0,Columbia to I-205 SB,Monday
0.0,22.0,Johnson Creek SB,Monday
0.0,9.0,Division SB,Wednesday
1.0,21.0,Powell Blvd SB,Sunday
0.0,22.0,Foster NB,Friday
0.0,11.0,Foster SB,Friday
9.0,13.0,Glisan to I-205 SB,Sunday
15.0,12.0,Powell Blvd SB,Wednesday
11.0,11.0,Powell to I-205 NB,Friday
9.0,17.0,Sunnyside NB,Sunday
0.0,15.0,Johnson Cr NB,Thursday
10.0,6.0,Sunnyside NB,Thursday
0.0,11.0,Airportway WB to SB,Thursday
0.0,0.0,Division SB,Wednesday
17.0,15.0,Columbia to I-205 SB,Sunday
5.0,12.0,Powell to I-205 NB,Sunday
0.0,14.0,Stark/Washington SB,Monday
1.0,17.0,Airportway WB to SB,Monday
5.0,4.0,Powell Blvd SB,Thursday
6.0,2.0,Airportway WB to SB,Wednesday
5.0,9.0,Division NB,Wednesday
0.0,23.0,Airportway WB to SB,Thursday
1.0,10.0,Johnson Cr NB,Wednesday
0.0,1.0,Powell Blvd SB,Thursday
0.0,22.0,Powell to I-205 NB,Tuesday
0.0,0.0,Division SB,Friday
0.0,4.0,Division SB,Tuesday
0.0,15.0,Johnson Cr NB,Monday
5.0,5.0,Columbia to I-205 SB,Thursday
2.0,19.0,Johnson Creek SB,Monday
1.0,10.0,Division SB,Friday
0.0,18.0,Foster NB,Friday
0.0,21.0,Glisan to I-205 SB,Monday
0.0,18.0,Airportway EB to SB,Monday
9.0,23.0,Sunnyside NB,Saturday
1.0,18.0,Division NB,Thursday
2.0,21.0,Foster NB,Sunday
0.0,20.0,Airportway EB to SB,Sunday
4.0,8.0,Foster NB,Tuesday
13.0,4.0,Sunnyside NB,Saturday
0.0,15.0,Foster NB,Tuesday
1.0,12.0,Airportway EB to SB,Sunday
2.0,20.0,Foster NB,Wednesday
11.0,5.0,Division NB,Monday
7.0,21.0,Sunnyside NB,Thursday
0.0,2.0,Airportway EB to SB,Saturday
4.0,5.0,Airportway WB to SB,Friday
6.0,14.0,Columbia to I-205 SB,Saturday
8.0,3.0,Sunnyside NB,Thursday
1.0,15.0,Glisan to I-205 SB,Wednesday
0.0,15.0,Division NB,Wednesday
5.0,14.0,Airportway WB to SB,Sunday
17.0,12.0,Division NB,Monday
25.0,14.0,Division NB,Sunday
3.0,17.0,Division NB,Thursday
15.0,8.0,Powell Blvd SB,Monday
0.0,15.0,Foster NB,Wednesday
0.0,6.0,Airportway EB to SB,Thursday
0.0,4.0,Foster SB,Friday
0.0,9.0,Johnson Cr NB,Tuesday
0.0,18.0,Division SB,Monday
5.0,12.0,Glisan to I-205 SB,Sunday
3.0,11.0,Johnson Creek SB,Saturday
0.0,0.0,Glisan to I-205 SB,Saturday
0.0,1.0,Johnson Creek SB,Friday
0.0,23.0,Airportway EB to SB,Saturday
1.0,11.0,Johnson Creek SB,Sunday
1.0,5.0,Powell to I-205 NB,Tuesday
0.0,15.0,Division SB,Wednesday
0.0,19.0,Powell Blvd SB,Thursday
1.0,17.0,Stark/Washington SB,Friday
2.0,3.0,Glisan to I-205 SB,Thursday
16.0,11.0,Sunnyside NB,Monday
0.0,22.0,Stark/Washington SB,Thursday
0.0,5.0,Division SB,Monday
13.0,7.0,Powell Blvd SB,Tuesday
7.0,3.0,Columbia to I-205 SB,Tuesday
0.0,1.0,Airportway WB to SB,Thursday
0.0,19.0,Powell Blvd SB,Sunday
3.0,9.0,Columbia to I-205 SB,Monday
1.0,9.0,Foster SB,Wednesday
8.0,14.0,Johnson Creek SB,Sunday
1.0,10.0,Foster SB,Sunday
4.0,18.0,Powell Blvd SB,Sunday
1.0,19.0,Powell Blvd SB,Tuesday
0.0,0.0,Powell to I-205 NB,Friday
1.0,20.0,Division NB,Thursday
0.0,21.0,Airportway EB to SB,Tuesday
0.0,3.0,Division NB,Saturday
0.0,23.0,Foster SB,Tuesday
3.0,9.0,Stark/Washington SB,Sunday
0.0,2.0,Division SB,Tuesday
0.0,1.0,Division SB,Thursday
2.0,2.0,Columbia to I-205 SB,Monday
0.0,13.0,Airportway EB to SB,Sunday
0.0,1.0,Powell to I-205 NB,Monday
0.0,18.0,Columbia to I-205 SB,Friday
0.0,23.0,Division SB,Sunday
0.0,12.0,Division SB,Saturday
0.0,22.0,Division SB,Wednesday
4.0,3.0,Powell Blvd SB,Wednesday
1.0,0.0,Powell Blvd SB,Monday
4.0,18.0,Columbia to I-205 SB,Monday
0.0,0.0,Airportway EB to SB,Sunday
22.0,12.0,Powell Blvd SB,Saturday
0.0,12.0,Johnson Cr NB,Tuesday
8.0,12.0,Columbia to I-205 SB,Thursday
1.0,13.0,Airportway WB to SB,Wednesday
14.0,11.0,Foster NB,Friday
6.0,8.0,Foster NB,Friday
0.0,15.0,Airportway WB to SB,Friday
0.0,19.0,Foster NB,Thursday
10.0,19.0,Sunnyside NB,Saturday
7.0,10.0,Foster NB,Monday
8.0,6.0,Glisan to I-205 SB,Thursday
1.0,4.0,Johnson Cr NB,Saturday
1.0,23.0,Airportway WB to SB,Monday
14.0,11.0,Division NB,Tuesday
1.0,17.0,Stark/Washington SB,Sunday
5.0,8.0,Stark/Washington SB,Thursday
0.0,6.0,Airportway EB to SB,Sunday
1.0,14.0,Johnson Creek SB,Saturday
4.0,2.0,Powell Blvd SB,Monday
6.0,5.0,Johnson Creek SB,Tuesday
2.0,5.0,Stark/Washington SB,Sunday
16.0,4.0,Sunnyside NB,Thursday
0.0,20.0,Stark/Washington SB,Thursday
0.0,19.0,Powell to I-205 NB,Friday
1.0,10.0,Powell to I-205 NB,Wednesday
0.0,18.0,Stark/Washington SB,Thursday
0.0,10.0,Foster SB,Wednesday
0.0,0.0,Columbia to I-205 SB,Friday
6.0,15.0,Airportway WB to SB,Sunday
0.0,1.0,Powell Blvd SB,Friday
0.0,9.0,Foster SB,Sunday
11.0,5.0,Sunnyside NB,Sunday
12.0,11.0,Foster NB,Sunday
0.0,19.0,Powell to I-205 NB,Sunday
0.0,0.0,Division NB,Saturday
0.0,15.0,Foster SB,Tuesday
0.0,16.0,Airportway EB to SB,Thursday
2.0,3.0,Airportway WB to SB,Wednesday
0.0,12.0,Foster SB,Friday
0.0,14.0,Foster SB,Monday
0.0,14.0,Foster SB,Tuesday
15.0,10.0,Division NB,Saturday
1.0,12.0,Johnson Creek SB,Monday
5.0,12.0,Columbia to I-205 SB,Monday
0.0,19.0,Glisan to I-205 SB,Tuesday
1.0,10.0,Johnson Cr NB,Friday
0.0,10.0,Airportway EB to SB,Saturday
1.0,19.0,Powell Blvd SB,Saturday
0.0,1.0,Johnson Creek SB,Saturday
0.0,1.0,Airportway EB to SB,Sunday
5.0,10.0,Columbia to I-205 SB,Tuesday
0.0,17.0,Columbia to I-205 SB,Thursday
2.0,16.0,Powell Blvd SB,Friday
0.0,7.0,Airportway EB to SB,Sunday
8.0,1.0,Sunnyside NB,Friday
0.0,10.0,Johnson Cr NB,Saturday
0.0,22.0,Columbia to I-205 SB,Tuesday
1.0,12.0,Stark/Washington SB,Wednesday
0.0,13.0,Airportway EB to SB,Saturday
4.0,4.0,Foster NB,Tuesday
0.0,14.0,Airportway WB to SB,Thursday
16.0,16.0,Sunnyside NB,Saturday
0.0,20.0,Johnson Creek SB,Tuesday
12.0,10.0,Foster NB,Sunday
6.0,2.0,Sunnyside NB,Wednesday
5.0,5.0,Glisan to I-205 SB,Thursday
3.0,8.0,Foster NB,Wednesday
0.0,16.0,Stark/Washington SB,Sunday
1.0,7.0,Airportway WB to SB,Wednesday
2.0,21.0,Glisan to I-205 SB,Saturday
0.0,12.0,Foster SB,Saturday
11.0,6.0,Columbia to I-205 SB,Tuesday
2.0,10.0,Johnson Creek SB,Sunday
0.0,10.0,Foster SB,Thursday
3.0,9.0,Foster NB,Wednesday
2.0,4.0,Columbia to I-205 SB,Saturday
0.0,21.0,Division NB,Sunday
0.0,14.0,Stark/Washington SB,Friday
0.0,17.0,Johnson Cr NB,Tuesday
17.0,11.0,Powell Blvd SB,Sunday
1.0,3.0,Johnson Creek SB,Saturday
0.0,21.0,Airportway EB to SB,Wednesday
1.0,2.0,Glisan to I-205 SB,Saturday
0.0,4.0,Stark/Washington SB,Saturday
2.0,6.0,Powell to I-205 NB,Thursday
2.0,0.0,Sunnyside NB,Wednesday
18.0,19.0,Sunnyside NB,Monday
0.0,18.0,Division SB,Sunday
0.0,12.0,Stark/Washington SB,Friday
1.0,1.0,Foster NB,Monday
39.0,14.0,Powell Blvd SB,Sunday
2.0,2.0,Foster NB,Monday
3.0,21.0,Airportway WB to SB,Sunday
2.0,21.0,Columbia to I-205 SB,Tuesday
1.0,15.0,Airportway WB to SB,Saturday
1.0,2.0,Powell Blvd SB,Tuesday
0.0,3.0,Foster SB,Monday
0.0,20.0,Foster SB,Wednesday
0.0,21.0,Division NB,Tuesday
1.0,18.0,Columbia to I-205 SB,Tuesday
1.0,19.0,Division NB,Thursday
4.0,9.0,Powell to I-205 NB,Friday
3.0,12.0,Stark/Washington SB,Saturday
2.0,1.0,Foster NB,Wednesday
0.0,16.0,Johnson Cr NB,Sunday
1.0,3.0,Stark/Washington SB,Thursday
0.0,20.0,Stark/Washington SB,Saturday
4.0,17.0,Columbia to I-205 SB,Sunday
8.0,14.0,Powell to I-205 NB,Sunday
0.0,19.0,Stark/Washington SB,Saturday
0.0,3.0,Airportway EB to SB,Tuesday
0.0,5.0,Division SB,Sunday
0.0,19.0,Stark/Washington SB,Sunday
4.0,22.0,Sunnyside NB,Monday
0.0,15.0,Stark/Washington SB,Saturday
0.0,12.0,Airportway WB to SB,Thursday
0.0,20.0,Johnson Cr NB,Tuesday
1.0,20.0,Airportway WB to SB,Saturday
4.0,16.0,Glisan to I-205 SB,Monday
1.0,7.0,Airportway WB to SB,Tuesday
0.0,18.0,Division SB,Saturday
3.0,4.0,Airportway WB to SB,Thursday
0.0,17.0,Johnson Creek SB,Monday
2.0,22.0,Sunnyside NB,Friday
0.0,15.0,Airportway EB to SB,Tuesday
0.0,20.0,Airportway EB to SB,Tuesday
1.0,1.0,Airportway WB to SB,Wednesday
0.0,21.0,Airportway EB to SB,Friday
0.0,1.0,Airportway EB to SB,Tuesday
0.0,1.0,Stark/Washington SB,Monday
0.0,15.0,Foster NB,Friday
2.0,18.0,Division NB,Monday
0.0,20.0,Division NB,Monday
0.0,22.0,Glisan to I-205 SB,Tuesday
14.0,3.0,Sunnyside NB,Sunday
0.0,2.0,Division SB,Wednesday
0.0,22.0,Foster SB,Saturday
0.0,13.0,Division SB,Thursday
0.0,19.0,Foster SB,Friday
0.0,7.0,Airportway EB to SB,Friday
0.0,15.0,Powell Blvd SB,Monday
1.0,22.0,Powell to I-205 NB,Saturday
1.0,2.0,Stark/Washington SB,Monday
0.0,18.0,Airportway EB to SB,Friday
0.0,9.0,Airportway EB to SB,Friday
13.0,4.0,Columbia to I-205 SB,Wednesday
0.0,20.0,Airportway EB to SB,Friday
0.0,14.0,Johnson Creek SB,Monday
0.0,4.0,Foster SB,Thursday
0.0,0.0,Stark/Washington SB,Saturday
1.0,16.0,Division SB,Saturday
0.0,20.0,Powell Blvd SB,Thursday
2.0,2.0,Glisan to I-205 SB,Friday
1.0,11.0,Johnson Cr NB,Tuesday
9.0,14.0,Glisan to I-205 SB,Sunday
2.0,8.0,Powell to I-205 NB,Wednesday
2.0,9.0,Airportway WB to SB,Saturday
0.0,1.0,Foster SB,Wednesday
0.0,15.0,Division NB,Friday
13.0,4.0,Sunnyside NB,Monday
1.0,21.0,Airportway WB to SB,Saturday
0.0,20.0,Division SB,Tuesday
7.0,5.0,Glisan to I-205 SB,Monday
0.0,8.0,Foster SB,Friday
17.0,6.0,Division NB,Friday
4.0,10.0,Johnson Creek SB,Friday
0.0,20.0,Powell Blvd SB,Wednesday
0.0,8.0,Johnson Creek SB,Saturday
1.0,19.0,Glisan to I-205 SB,Friday
9.0,11.0,Columbia to I-205 SB,Monday
0.0,0.0,Glisan to I-205 SB,Wednesday
0.0,10.0,Airportway EB to SB,Monday
0.0,21.0,Airportway EB to SB,Monday
0.0,0.0,Powell Blvd SB,Saturday
15.0,3.0,Sunnyside NB,Tuesday
21.0,8.0,Powell Blvd SB,Wednesday
0.0,4.0,Airportway EB to SB,Tuesday
11.0,21.0,Sunnyside NB,Friday
1.0,12.0,Johnson Creek SB,Tuesday
0.0,18.0,Stark/Washington SB,Sunday
0.0,6.0,Airportway EB to SB,Monday
1.0,3.0,Stark/Washington SB,Wednesday
10.0,7.0,Glisan to I-205 SB,Friday
1.0,6.0,Airportway EB to SB,Tuesday
12.0,7.0,Sunnyside NB,Saturday
0.0,23.0,Stark/Washington SB,Wednesday
1.0,22.0,Foster NB,Sunday
0.0,16.0,Powell to I-205 NB,Friday
1.0,3.0,Powell to I-205 NB,Monday
2.0,2.0,Division NB,Monday
0.0,18.0,Airportway EB to SB,Tuesday
0.0,20.0,Columbia to I-205 SB,Monday
21.0,15.0,Powell Blvd SB,Sunday
0.0,23.0,Foster SB,Thursday
4.0,11.0,Johnson Creek SB,Wednesday
0.0,17.0,Airportway EB to SB,Friday
3.0,1.0,Sunnyside NB,Saturday
7.0,16.0,Columbia to I-205 SB,Saturday
5.0,20.0,Sunnyside NB,Sunday
1.0,8.0,Division SB,Wednesday
0.0,19.0,Glisan to I-205 SB,Thursday
1.0,13.0,Johnson Cr NB,Saturday
1.0,13.0,Stark/Washington SB,Sunday
16.0,11.0,Division NB,Saturday
0.0,2.0,Johnson Creek SB,Monday
1.0,0.0,Airportway WB to SB,Wednesday
0.0,23.0,Johnson Creek SB,Wednesday
1.0,19.0,Stark/Washington SB,Wednesday
0.0,16.0,Stark/Washington SB,Friday
9.0,7.0,Sunnyside NB,Monday
16.0,11.0,Division NB,Monday
0.0,22.0,Division SB,Saturday
0.0,23.0,Columbia to I-205 SB,Monday
3.0,2.0,Powell Blvd SB,Sunday
2.0,3.0,Powell Blvd SB,Tuesday
0.0,11.0,Airportway EB to SB,Tuesday
0.0,16.0,Foster SB,Friday
6.0,5.0,Glisan to I-205 SB,Wednesday
3.0,3.0,Airportway WB to SB,Saturday
6.0,5.0,Division NB,Friday
0.0,23.0,Stark/Washington SB,Saturday
0.0,17.0,Powell to I-205 NB,Friday
1.0,11.0,Johnson Cr NB,Saturday
2.0,16.0,Division NB,Friday
13.0,12.0,Division NB,Friday
0.0,13.0,Airportway EB to SB,Monday
6.0,10.0,Johnson Creek SB,Thursday
9.0,6.0,Division NB,Thursday
1.0,9.0,Division SB,Saturday
3.0,0.0,Sunnyside NB,Tuesday
1.0,3.0,Airportway EB to SB,Monday
2.0,21.0,Powell to I-205 NB,Sunday
0.0,21.0,Airportway EB to SB,Thursday
0.0,19.0,Powell to I-205 NB,Wednesday
6.0,5.0,Columbia to I-205 SB,Sunday
19.0,8.0,Powell Blvd SB,Friday
2.0,12.0,Powell to I-205 NB,Tuesday
0.0,18.0,Powell Blvd SB,Friday
0.0,3.0,Johnson Cr NB,Wednesday
1.0,4.0,Stark/Washington SB,Wednesday
0.0,10.0,Airportway EB to SB,Tuesday
4.0,9.0,Glisan to I-205 SB,Wednesday
1.0,4.0,Division NB,Saturday
2.0,7.0,Johnson Creek SB,Wednesday
1.0,22.0,Johnson Cr NB,Saturday
0.0,14.0,Johnson Creek SB,Friday
0.0,9.0,Airportway EB to SB,Thursday
0.0,2.0,Foster SB,Monday
0.0,14.0,Johnson Creek SB,Tuesday
4.0,12.0,Airportway WB to SB,Monday
0.0,1.0,Johnson Cr NB,Friday
0.0,15.0,Johnson Creek SB,Monday
1.0,6.0,Division SB,Friday
4.0,6.0,Foster NB,Tuesday
11.0,5.0,Foster NB,Tuesday
0.0,23.0,Glisan to I-205 SB,Monday
0.0,14.0,Powell Blvd SB,Monday
2.0,2.0,Johnson Creek SB,Wednesday
4.0,19.0,Airportway WB to SB,Wednesday
1.0,3.0,Airportway WB to SB,Thursday
0.0,20.0,Johnson Cr NB,Thursday
1.0,2.0,Airportway EB to SB,Sunday
0.0,23.0,Division SB,Thursday
1.0,11.0,Airportway EB to SB,Saturday
5.0,7.0,Glisan to I-205 SB,Saturday
1.0,6.0,Division SB,Thursday
0.0,5.0,Airportway EB to SB,Saturday
2.0,5.0,Johnson Creek SB,Saturday
0.0,20.0,Johnson Creek SB,Friday
8.0,11.0,Johnson Creek SB,Friday
0.0,18.0,Foster SB,Wednesday
0.0,8.0,Foster SB,Saturday
1.0,6.0,Airportway WB to SB,Wednesday
0.0,18.0,Stark/Washington SB,Friday
5.0,3.0,Glisan to I-205 SB,Tuesday
0.0,0.0,Powell to I-205 NB,Thursday
1.0,1.0,Johnson Creek SB,Tuesday
4.0,17.0,Division NB,Sunday
14.0,10.0,Sunnyside NB,Sunday
0.0,2.0,Division NB,Wednesday
0.0,19.0,Johnson Cr NB,Monday
0.0,12.0,Foster SB,Tuesday
10.0,15.0,Foster NB,Saturday
0.0,20.0,Division SB,Monday
10.0,9.0,Sunnyside NB,Saturday
1.0,12.0,Foster SB,Sunday
0.0,17.0,Johnson Cr NB,Saturday
4.0,7.0,Powell to I-205 NB,Friday
9.0,13.0,Sunnyside NB,Friday
2.0,4.0,Johnson Creek SB,Tuesday
0.0,17.0,Division SB,Thursday
2.0,17.0,Foster NB,Saturday
1.0,10.0,Stark/Washington SB,Saturday
0.0,13.0,Powell Blvd SB,Wednesday
0.0,17.0,Johnson Cr NB,Thursday
0.0,22.0,Division NB,Saturday
7.0,2.0,Sunnyside NB,Friday
0.0,6.0,Foster SB,Wednesday
0.0,19.0,Division SB,Tuesday
1.0,12.0,Airportway WB to SB,Saturday
0.0,22.0,Stark/Washington SB,Saturday
1.0,6.0,Division SB,Saturday
12.0,11.0,Foster NB,Monday
2.0,23.0,Airportway WB to SB,Sunday
5.0,12.0,Foster NB,Monday
4.0,9.0,Columbia to I-205 SB,Wednesday
2.0,18.0,Glisan to I-205 SB,Saturday
1.0,21.0,Johnson Creek SB,Sunday
7.0,8.0,Columbia to I-205 SB,Thursday
2.0,23.0,Glisan to I-205 SB,Sunday
0.0,19.0,Division SB,Sunday
2.0,8.0,Airportway EB to SB,Saturday
7.0,9.0,Foster NB,Thursday
0.0,22.0,Airportway WB to SB,Tuesday
5.0,4.0,Foster NB,Thursday
0.0,20.0,Division NB,Saturday
2.0,11.0,Powell to I-205 NB,Saturday
4.0,8.0,Division NB,Tuesday
0.0,23.0,Powell to I-205 NB,Thursday
1.0,11.0,Foster SB,Saturday
3.0,4.0,Johnson Creek SB,Thursday
11.0,2.0,Sunnyside NB,Tuesday
0.0,16.0,Johnson Cr NB,Friday
0.0,0.0,Stark/Washington SB,Friday
1.0,7.0,Stark/Washington SB,Thursday
1.0,1.0,Division NB,Wednesday
0.0,1.0,Foster SB,Monday
0.0,20.0,Powell to I-205 NB,Saturday
4.0,3.0,Columbia to I-205 SB,Sunday
0.0,14.0,Foster NB,Thursday
0.0,20.0,Division NB,Wednesday
0.0,22.0,Foster SB,Monday
15.0,6.0,Sunnyside NB,Saturday
3.0,2.0,Columbia to I-205 SB,Wednesday
2.0,9.0,Stark/Washington SB,Friday
0.0,6.0,Foster SB,Thursday
0.0,2.0,Division SB,Friday
0.0,7.0,Johnson Cr NB,Monday
0.0,0.0,Foster NB,Wednesday
0.0,19.0,Foster SB,Wednesday
0.0,18.0,Stark/Washington SB,Monday
0.0,0.0,Johnson Creek SB,Wednesday
5.0,6.0,Powell to I-205 NB,Wednesday
9.0,3.0,Division NB,Tuesday
1.0,20.0,Glisan to I-205 SB,Wednesday
0.0,15.0,Division SB,Friday
12.0,5.0,Powell Blvd SB,Friday
2.0,1.0,Johnson Creek SB,Monday
0.0,20.0,Stark/Washington SB,Tuesday
5.0,17.0,Sunnyside NB,Wednesday
2.0,23.0,Airportway WB to SB,Tuesday
0.0,17.0,Foster SB,Wednesday
3.0,2.0,Johnson Cr NB,Monday
2.0,6.0,Airportway WB to SB,Saturday
0.0,2.0,Powell to I-205 NB,Tuesday
1.0,19.0,Glisan to I-205 SB,Monday
0.0,15.0,Glisan to I-205 SB,Tuesday
5.0,16.0,Powell to I-205 NB,Sunday
0.0,19.0,Airportway EB to SB,Sunday
0.0,18.0,Airportway WB to SB,Saturday
6.0,9.0,Sunnyside NB,Monday
12.0,11.0,Sunnyside NB,Thursday
0.0,21.0,Johnson Cr NB,Friday
0.0,16.0,Division SB,Monday
2.0,18.0,Foster NB,Tuesday
0.0,1.0,Stark/Washington SB,Sunday
0.0,17.0,Foster NB,Tuesday
1.0,14.0,Airportway EB to SB,Saturday
4.0,5.0,Powell to I-205 NB,Monday
1.0,13.0,Division SB,Friday
7.0,7.0,Johnson Creek SB,Tuesday
0.0,15.0,Division NB,Monday
2.0,5.0,Airportway WB to SB,Saturday
12.0,8.0,Sunnyside NB,Sunday
0.0,14.0,Division SB,Thursday
17.0,12.0,Division NB,Sunday
15.0,5.0,Sunnyside NB,Thursday
0.0,5.0,Division SB,Tuesday
2.0,1.0,Columbia to I-205 SB,Monday
1.0,7.0,Johnson Cr NB,Thursday
1.0,19.0,Division NB,Monday
0.0,5.0,Foster SB,Thursday
0.0,14.0,Division NB,Monday
1.0,9.0,Airportway WB to SB,Monday
0.0,21.0,Foster SB,Saturday
0.0,1.0,Glisan to I-205 SB,Friday
10.0,15.0,Sunnyside NB,Friday
2.0,8.0,Stark/Washington SB,Saturday
4.0,10.0,Glisan to I-205 SB,Thursday
0.0,0.0,Division NB,Tuesday
13.0,8.0,Division NB,Friday
0.0,3.0,Johnson Creek SB,Thursday
0.0,22.0,Glisan to I-205 SB,Saturday
0.0,16.0,Glisan to I-205 SB,Wednesday
0.0,15.0,Division NB,Thursday
6.0,11.0,Glisan to I-205 SB,Wednesday
4.0,4.0,Foster NB,Saturday
0.0,20.0,Foster SB,Tuesday
0.0,23.0,Johnson Cr NB,Wednesday
2.0,3.0,Foster NB,Saturday
10.0,21.0,Sunnyside NB,Saturday
7.0,4.0,Glisan to I-205 SB,Thursday
0.0,16.0,Stark/Washington SB,Wednesday
15.0,13.0,Powell Blvd SB,Saturday
0.0,23.0,Johnson Cr NB,Sunday
10.0,11.0,Columbia to I-205 SB,Wednesday
0.0,2.0,Foster SB,Friday
5.0,6.0,Columbia to I-205 SB,Monday
1.0,4.0,Columbia to I-205 SB,Thursday
0.0,19.0,Division SB,Wednesday
6.0,4.0,Columbia to I-205 SB,Tuesday
3.0,5.0,Powell to I-205 NB,Wednesday
6.0,16.0,Columbia to I-205 SB,Sunday
0.0,19.0,Columbia to I-205 SB,Friday
0.0,22.0,Foster NB,Wednesday
0.0,1.0,Division NB,Friday
0.0,0.0,Airportway WB to SB,Saturday
0.0,17.0,Powell to I-205 NB,Wednesday
0.0,15.0,Airportway EB to SB,Monday
0.0,22.0,Division SB,Tuesday
7.0,10.0,Foster NB,Tuesday
0.0,0.0,Airportway EB to SB,Tuesday
3.0,8.0,Glisan to I-205 SB,Friday
3.0,9.0,Foster NB,Tuesday
0.0,5.0,Johnson Cr NB,Wednesday
6.0,17.0,Sunnyside NB,Thursday
0.0,21.0,Division SB,Monday
0.0,0.0,Division NB,Thursday
3.0,10.0,Johnson Creek SB,Monday
0.0,9.0,Foster SB,Monday
0.0,0.0,Stark/Washington SB,Sunday
3.0,16.0,Columbia to I-205 SB,Wednesday
0.0,8.0,Airportway WB to SB,Tuesday
6.0,5.0,Columbia to I-205 SB,Saturday
0.0,19.0,Powell Blvd SB,Friday
0.0,11.0,Division SB,Friday
0.0,8.0,Johnson Cr NB,Friday
1.0,1.0,Division NB,Monday
0.0,17.0,Division SB,Wednesday
4.0,3.0,Foster NB,Sunday
0.0,16.0,Foster SB,Monday
1.0,20.0,Columbia to I-205 SB,Friday
3.0,9.0,Powell to I-205 NB,Saturday
0.0,20.0,Division SB,Thursday
0.0,21.0,Stark/Washington SB,Wednesday
14.0,3.0,Sunnyside NB,Friday
9.0,8.0,Division NB,Monday
16.0,10.0,Division NB,Sunday
0.0,15.0,Airportway WB to SB,Monday
6.0,19.0,Sunnyside NB,Wednesday
0.0,14.0,Columbia to I-205 SB,Wednesday
0.0,19.0,Foster SB,Thursday
1.0,9.0,Columbia to I-205 SB,Thursday
1.0,22.0,Powell Blvd SB,Saturday
0.0,2.0,Johnson Cr NB,Tuesday
10.0,12.0,Glisan to I-205 SB,Friday
0.0,1.0,Powell Blvd SB,Wednesday
0.0,2.0,Powell to I-205 NB,Thursday
14.0,11.0,Columbia to I-205 SB,Friday
21.0,10.0,Powell Blvd SB,Saturday
1.0,10.0,Johnson Cr NB,Thursday
1.0,8.0,Airportway EB to SB,Wednesday
3.0,5.0,Stark/Washington SB,Thursday
0.0,15.0,Foster SB,Friday
2.0,19.0,Division NB,Friday
0.0,1.0,Division SB,Saturday
0.0,16.0,Foster NB,Tuesday
11.0,6.0,Sunnyside NB,Wednesday
0.0,23.0,Foster NB,Tuesday
0.0,14.0,Foster SB,Sunday
0.0,0.0,Foster NB,Tuesday
0.0,1.0,Division NB,Thursday
9.0,17.0,Sunnyside NB,Monday
3.0,6.0,Johnson Creek SB,Tuesday
9.0,7.0,Division NB,Saturday
0.0,13.0,Johnson Cr NB,Friday
0.0,13.0,Powell to I-205 NB,Friday
0.0,5.0,Foster SB,Monday
19.0,10.0,Division NB,Thursday
0.0,16.0,Powell to I-205 NB,Monday
0.0,12.0,Johnson Cr NB,Thursday
0.0,20.0,Division SB,Sunday
0.0,8.0,Foster SB,Monday
0.0,1.0,Division SB,Sunday
0.0,21.0,Johnson Creek SB,Saturday
2.0,2.0,Airportway WB to SB,Tuesday
1.0,1.0,Airportway WB to SB,Saturday
0.0,16.0,Division SB,Sunday
3.0,16.0,Glisan to I-205 SB,Tuesday
0.0,23.0,Division SB,Wednesday
2.0,13.0,Airportway WB to SB,Saturday
0.0,20.0,Johnson Cr NB,Wednesday
3.0,2.0,Glisan to I-205 SB,Monday
0.0,20.0,Stark/Washington SB,Sunday
1.0,23.0,Division NB,Sunday
0.0,1.0,Stark/Washington SB,Tuesday
4.0,5.0,Airportway WB to SB,Monday
0.0,13.0,Division SB,Saturday
1.0,20.0,Johnson Creek SB,Monday
0.0,0.0,Johnson Creek SB,Friday
6.0,9.0,Johnson Creek SB,Monday
9.0,7.0,Division NB,Monday
0.0,7.0,Division SB,Saturday
0.0,6.0,Johnson Cr NB,Friday
13.0,16.0,Division NB,Sunday
12.0,16.0,Sunnyside NB,Friday
2.0,13.0,Powell Blvd SB,Thursday
1.0,18.0,Powell to I-205 NB,Saturday
0.0,2.0,Powell to I-205 NB,Friday
0.0,2.0,Johnson Cr NB,Saturday
0.0,20.0,Division SB,Saturday
1.0,18.0,Airportway EB to SB,Sunday
1.0,14.0,Division SB,Sunday
1.0,2.0,Stark/Washington SB,Sunday
4.0,8.0,Columbia to I-205 SB,Tuesday
3.0,4.0,Powell to I-205 NB,Wednesday
0.0,14.0,Division SB,Tuesday
0.0,19.0,Johnson Creek SB,Sunday
0.0,23.0,Johnson Cr NB,Saturday
0.0,16.0,Glisan to I-205 SB,Friday
0.0,5.0,Foster SB,Wednesday
6.0,7.0,Glisan to I-205 SB,Sunday
2.0,17.0,Powell Blvd SB,Thursday
5.0,8.0,Columbia to I-205 SB,Sunday
0.0,22.0,Division NB,Tuesday
2.0,5.0,Foster NB,Sunday
12.0,8.0,Powell Blvd SB,Thursday
0.0,22.0,Columbia to I-205 SB,Sunday
15.0,7.0,Powell Blvd SB,Monday
0.0,3.0,Stark/Washington SB,Monday
0.0,0.0,Foster SB,Tuesday
0.0,0.0,Johnson Cr NB,Monday
11.0,5.0,Powell Blvd SB,Thursday
0.0,0.0,Powell to I-205 NB,Tuesday
9.0,2.0,Sunnyside NB,Monday
0.0,20.0,Johnson Creek SB,Thursday
2.0,12.0,Stark/Washington SB,Sunday
1.0,19.0,Powell Blvd SB,Monday
0.0,23.0,Columbia to I-205 SB,Tuesday
1.0,18.0,Powell to I-205 NB,Sunday
0.0,21.0,Division SB,Friday
2.0,4.0,Airportway WB to SB,Tuesday
2.0,6.0,Glisan to I-205 SB,Wednesday
4.0,8.0,Johnson Creek SB,Monday
0.0,4.0,Airportway EB to SB,Wednesday
1.0,13.0,Johnson Cr NB,Monday
0.0,15.0,Columbia to I-205 SB,Thursday
5.0,2.0,Sunnyside NB,Thursday
1.0,7.0,Powell to I-205 NB,Monday
11.0,13.0,Sunnyside NB,Tuesday
0.0,0.0,Foster NB,Friday
0.0,15.0,Stark/Washington SB,Wednesday
0.0,17.0,Powell to I-205 NB,Thursday
0.0,17.0,Foster NB,Wednesday
2.0,1.0,Johnson Creek SB,Wednesday
3.0,3.0,Columbia to I-205 SB,Monday
6.0,8.0,Sunnyside NB,Wednesday
0.0,23.0,Powell Blvd SB,Saturday
0.0,21.0,Powell Blvd SB,Friday
1.0,10.0,Division SB,Thursday
11.0,11.0,Powell Blvd SB,Saturday
0.0,18.0,Powell Blvd SB,Saturday
2.0,14.0,Johnson Cr NB,Saturday
0.0,1.0,Johnson Creek SB,Thursday
1.0,20.0,Foster NB,Friday
0.0,23.0,Division NB,Wednesday
1.0,7.0,Division SB,Monday
1.0,8.0,Stark/Washington SB,Tuesday
1.0,7.0,Foster SB,Saturday
0.0,15.0,Stark/Washington SB,Tuesday
0.0,18.0,Johnson Cr NB,Thursday
0.0,1.0,Foster SB,Thursday
2.0,5.0,Foster NB,Saturday
3.0,13.0,Columbia to I-205 SB,Monday
3.0,8.0,Glisan to I-205 SB,Saturday
0.0,8.0,Airportway WB to SB,Monday
0.0,3.0,Foster SB,Sunday
0.0,21.0,Powell to I-205 NB,Friday
5.0,4.0,Division NB,Friday
6.0,8.0,Columbia to I-205 SB,Saturday
3.0,13.0,Powell Blvd SB,Tuesday
8.0,7.0,Powell Blvd SB,Sunday
0.0,0.0,Division SB,Tuesday
0.0,15.0,Stark/Washington SB,Monday
5.0,12.0,Glisan to I-205 SB,Tuesday
0.0,0.0,Stark/Washington SB,Monday
0.0,9.0,Airportway EB to SB,Wednesday
2.0,15.0,Airportway EB to SB,Sunday
2.0,17.0,Columbia to I-205 SB,Friday
0.0,15.0,Foster SB,Wednesday
0.0,13.0,Powell to I-205 NB,Thursday
9.0,12.0,Foster NB,Friday
0.0,3.0,Airportway EB to SB,Wednesday
0.0,22.0,Airportway EB to SB,Wednesday
0.0,21.0,Powell to I-205 NB,Wednesday
0.0,16.0,Airportway EB to SB,Wednesday
6.0,5.0,Foster NB,Monday
0.0,22.0,Powell Blvd SB,Thursday
17.0,15.0,Foster NB,Sunday
4.0,6.0,Foster NB,Monday
0.0,0.0,Johnson Creek SB,Thursday
5.0,14.0,Sunnyside NB,Thursday
1.0,3.0,Johnson Cr NB,Tuesday
3.0,3.0,Airportway WB to SB,Sunday
0.0,14.0,Powell Blvd SB,Tuesday
11.0,10.0,Powell Blvd SB,Thursday
1.0,21.0,Division NB,Saturday
0.0,0.0,Airportway EB to SB,Friday
14.0,7.0,Sunnyside NB,Wednesday
5.0,3.0,Columbia to I-205 SB,Saturday
1.0,16.0,Division NB,Monday
0.0,23.0,Powell Blvd SB,Monday
1.0,11.0,Johnson Creek SB,Monday
0.0,11.0,Airportway EB to SB,Monday
0.0,23.0,Foster NB,Monday
10.0,8.0,Sunnyside NB,Friday
5.0,5.0,Airportway WB to SB,Tuesday
1.0,21.0,Foster NB,Saturday
5.0,12.0,Johnson Creek SB,Friday
0.0,20.0,Glisan to I-205 SB,Thursday
2.0,13.0,Foster NB,Friday
1.0,7.0,Powell to I-205 NB,Saturday
12.0,12.0,Sunnyside NB,Saturday
0.0,9.0,Airportway WB to SB,Tuesday
1.0,7.0,Johnson Cr NB,Friday
0.0,0.0,Foster SB,Thursday
2.0,22.0,Airportway WB to SB,Monday
0.0,16.0,Johnson Cr NB,Tuesday
11.0,11.0,Glisan to I-205 SB,Saturday
0.0,1.0,Division SB,Monday
2.0,5.0,Stark/Washington SB,Wednesday
2.0,7.0,Johnson Creek SB,Friday
20.0,11.0,Division NB,Friday
3.0,17.0,Johnson Creek SB,Thursday
0.0,1.0,Foster SB,Friday
1.0,20.0,Glisan to I-205 SB,Tuesday
1.0,14.0,Stark/Washington SB,Sunday
5.0,15.0,Powell to I-205 NB,Sunday
1.0,17.0,Columbia to I-205 SB,Tuesday
0.0,14.0,Airportway WB to SB,Monday
8.0,9.0,Columbia to I-205 SB,Friday
8.0,12.0,Columbia to I-205 SB,Sunday
0.0,16.0,Foster SB,Wednesday
0.0,1.0,Powell to I-205 NB,Sunday
0.0,23.0,Airportway EB to SB,Wednesday
0.0,2.0,Division NB,Friday
6.0,8.0,Glisan to I-205 SB,Monday
0.0,23.0,Powell to I-205 NB,Sunday
4.0,4.0,Johnson Creek SB,Saturday
12.0,12.0,Division NB,Tuesday
0.0,19.0,Johnson Cr NB,Friday
5.0,17.0,Foster NB,Sunday
3.0,0.0,Sunnyside NB,Thursday
5.0,10.0,Columbia to I-205 SB,Sunday
4.0,4.0,Airportway WB to SB,Sunday
0.0,19.0,Airportway EB to SB,Saturday
0.0,1.0,Powell Blvd SB,Saturday
0.0,21.0,Division SB,Thursday
3.0,13.0,Glisan to I-205 SB,Monday
0.0,21.0,Johnson Cr NB,Monday
1.0,13.0,Foster NB,Monday
0.0,15.0,Powell to I-205 NB,Wednesday
0.0,9.0,Johnson Cr NB,Saturday
0.0,19.0,Foster SB,Monday
0.0,10.0,Airportway EB to SB,Friday
0.0,15.0,Johnson Cr NB,Sunday
3.0,2.0,Airportway WB to SB,Friday
0.0,18.0,Powell to I-205 NB,Monday
1.0,21.0,Foster NB,Tuesday
2.0,9.0,Airportway WB to SB,Sunday
7.0,5.0,Division NB,Thursday
0.0,23.0,Foster SB,Wednesday
18.0,16.0,Powell Blvd SB,Sunday
0.0,4.0,Johnson Cr NB,Monday
0.0,21.0,Columbia to I-205 SB,Thursday
0.0,21.0,Foster NB,Friday
0.0,20.0,Johnson Cr NB,Sunday
1.0,19.0,Foster NB,Wednesday
2.0,15.0,Johnson Creek SB,Saturday
0.0,17.0,Johnson Creek SB,Sunday
0.0,20.0,Johnson Creek SB,Saturday
2.0,17.0,Powell Blvd SB,Wednesday
7.0,5.0,Foster NB,Wednesday
13.0,13.0,Columbia to I-205 SB,Sunday
1.0,2.0,Foster NB,Wednesday
19.0,20.0,Sunnyside NB,Wednesday
0.0,19.0,Stark/Washington SB,Friday
0.0,21.0,Glisan to I-205 SB,Wednesday
8.0,5.0,Powell Blvd SB,Wednesday
3.0,3.0,Airportway WB to SB,Tuesday
0.0,20.0,Glisan to I-205 SB,Friday
5.0,10.0,Columbia to I-205 SB,Saturday
3.0,10.0,Stark/Washington SB,Thursday
18.0,5.0,Division NB,Tuesday
0.0,8.0,Airportway EB to SB,Thursday
0.0,20.0,Powell to I-205 NB,Thursday
0.0,15.0,Stark/Washington SB,Friday
6.0,13.0,Division NB,Monday
21.0,13.0,Division NB,Sunday
1.0,4.0,Stark/Washington SB,Tuesday
9.0,10.0,Glisan to I-205 SB,Sunday
2.0,16.0,Airportway WB to SB,Monday
0.0,18.0,Foster SB,Friday
4.0,14.0,Johnson Cr NB,Sunday
1.0,16.0,Powell to I-205 NB,Saturday
0.0,16.0,Airportway WB to SB,Thursday
11.0,20.0,Sunnyside NB,Friday
0.0,12.0,Johnson Creek SB,Wednesday
4.0,4.0,Airportway WB to SB,Monday
9.0,7.0,Foster NB,Monday
6.0,4.0,Glisan to I-205 SB,Tuesday
0.0,23.0,Johnson Creek SB,Monday
1.0,16.0,Airportway EB to SB,Saturday
1.0,21.0,Columbia to I-205 SB,Wednesday
2.0,17.0,Foster NB,Thursday
11.0,12.0,Sunnyside NB,Thursday
0.0,9.0,Stark/Washington SB,Thursday
7.0,12.0,Foster NB,Thursday
1.0,13.0,Johnson Cr NB,Sunday
1.0,2.0,Powell to I-205 NB,Wednesday
0.0,4.0,Airportway EB to SB,Saturday
6.0,12.0,Glisan to I-205 SB,Monday
0.0,20.0,Columbia to I-205 SB,Thursday
1.0,13.0,Johnson Creek SB,Monday
1.0,4.0,Stark/Washington SB,Thursday
0.0,11.0,Foster SB,Monday
3.0,21.0,Glisan to I-205 SB,Sunday
8.0,11.0,Columbia to I-205 SB,Sunday
2.0,4.0,Airportway WB to SB,Friday
11.0,9.0,Sunnyside NB,Sunday
1.0,2.0,Division NB,Saturday
0.0,16.0,Johnson Cr NB,Saturday
7.0,6.0,Powell to I-205 NB,Tuesday
0.0,7.0,Stark/Washington SB,Sunday
1.0,17.0,Powell Blvd SB,Tuesday
2.0,4.0,Johnson Creek SB,Monday
0.0,18.0,Foster SB,Sunday
0.0,23.0,Division NB,Thursday
2.0,11.0,Stark/Washington SB,Saturday
0.0,20.0,Powell to I-205 NB,Sunday
9.0,18.0,Sunnyside NB,Friday
1.0,19.0,Foster NB,Friday
1.0,23.0,Columbia to I-205 SB,Saturday
3.0,15.0,Columbia to I-205 SB,Saturday
0.0,6.0,Division SB,Monday
0.0,22.0,Division NB,Thursday
1.0,11.0,Johnson Cr NB,Monday
4.0,5.0,Johnson Creek SB,Friday
0.0,23.0,Glisan to I-205 SB,Thursday
0.0,23.0,Stark/Washington SB,Sunday
0.0,13.0,Airportway EB to SB,Wednesday
3.0,17.0,Airportway WB to SB,Tuesday
0.0,7.0,Division SB,Friday
2.0,13.0,Powell Blvd SB,Friday
0.0,9.0,Division SB,Friday
1.0,7.0,Airportway EB to SB,Thursday
2.0,3.0,Glisan to I-205 SB,Saturday
0.0,15.0,Foster SB,Monday
0.0,1.0,Johnson Cr NB,Saturday
0.0,20.0,Airportway EB to SB,Thursday
3.0,2.0,Johnson Creek SB,Saturday
10.0,11.0,Foster NB,Wednesday
0.0,23.0,Foster NB,Wednesday
0.0,2.0,Johnson Cr NB,Sunday
0.0,20.0,Foster SB,Friday
13.0,6.0,Division NB,Wednesday
0.0,22.0,Johnson Creek SB,Friday
4.0,10.0,Johnson Creek SB,Saturday
7.0,5.0,Columbia to I-205 SB,Tuesday
18.0,9.0,Powell Blvd SB,Sunday
0.0,22.0,Airportway EB to SB,Saturday
14.0,9.0,Division NB,Friday
11.0,21.0,Sunnyside NB,Sunday
0.0,22.0,Glisan to I-205 SB,Wednesday
0.0,15.0,Powell to I-205 NB,Saturday
0.0,0.0,Division SB,Thursday
0.0,3.0,Division NB,Thursday
0.0,20.0,Johnson Creek SB,Wednesday
1.0,20.0,Glisan to I-205 SB,Sunday
0.0,17.0,Glisan to I-205 SB,Tuesday
0.0,15.0,Foster SB,Sunday
1.0,9.0,Johnson Cr NB,Sunday
27.0,12.0,Powell Blvd SB,Sunday
0.0,2.0,Foster SB,Wednesday
4.0,16.0,Johnson Creek SB,Sunday
0.0,17.0,Foster SB,Sunday
4.0,10.0,Powell to I-205 NB,Monday
0.0,21.0,Johnson Cr NB,Saturday
10.0,12.0,Powell Blvd SB,Tuesday
1.0,19.0,Johnson Cr NB,Thursday
0.0,14.0,Airportway WB to SB,Friday
12.0,8.0,Division NB,Saturday
0.0,22.0,Powell Blvd SB,Tuesday
0.0,7.0,Foster SB,Tuesday
0.0,17.0,Johnson Creek SB,Wednesday
0.0,18.0,Division SB,Tuesday
0.0,6.0,Foster SB,Monday
0.0,13.0,Foster SB,Sunday
1.0,12.0,Division SB,Wednesday
1.0,1.0,Foster NB,Friday
12.0,6.0,Foster NB,Friday
2.0,6.0,Division SB,Wednesday
1.0,5.0,Johnson Cr NB,Sunday
1.0,23.0,Columbia to I-205 SB,Wednesday
0.0,1.0,Johnson Cr NB,Sunday
3.0,8.0,Johnson Creek SB,Friday
5.0,3.0,Columbia to I-205 SB,Wednesday
0.0,19.0,Airportway EB to SB,Thursday
0.0,22.0,Powell Blvd SB,Monday
6.0,6.0,Powell Blvd SB,Sunday
3.0,16.0,Airportway WB to SB,Sunday
0.0,21.0,Division SB,Wednesday
2.0,22.0,Columbia to I-205 SB,Saturday
10.0,3.0,Sunnyside NB,Saturday
0.0,19.0,Powell to I-205 NB,Thursday
1.0,16.0,Columbia to I-205 SB,Thursday
6.0,6.0,Johnson Creek SB,Saturday
0.0,16.0,Johnson Creek SB,Wednesday
2.0,5.0,Powell to I-205 NB,Saturday
2.0,20.0,Division NB,Sunday
0.0,1.0,Division SB,Tuesday
1.0,19.0,Airportway WB to SB,Friday
0.0,4.0,Foster SB,Saturday
0.0,15.0,Powell Blvd SB,Wednesday
0.0,0.0,Johnson Creek SB,Monday
0.0,2.0,Foster SB,Thursday
0.0,20.0,Johnson Cr NB,Monday
0.0,11.0,Division SB,Saturday
0.0,21.0,Stark/Washington SB,Sunday
4.0,4.0,Powell Blvd SB,Friday
1.0,19.0,Foster NB,Monday
14.0,12.0,Sunnyside NB,Monday
0.0,20.0,Foster NB,Monday
0.0,20.0,Division NB,Tuesday
5.0,13.0,Powell Blvd SB,Monday
6.0,5.0,Foster NB,Thursday
1.0,1.0,Division NB,Tuesday
0.0,20.0,Division SB,Friday
0.0,14.0,Airportway WB to SB,Tuesday
1.0,12.0,Johnson Cr NB,Wednesday
0.0,23.0,Airportway EB to SB,Sunday
0.0,0.0,Johnson Creek SB,Saturday
4.0,10.0,Glisan to I-205 SB,Friday
0.0,3.0,Powell to I-205 NB,Sunday
0.0,15.0,Airportway WB to SB,Thursday
0.0,1.0,Glisan to I-205 SB,Thursday
1.0,14.0,Glisan to I-205 SB,Tuesday
11.0,4.0,Powell Blvd SB,Monday
0.0,22.0,Johnson Creek SB,Wednesday
0.0,5.0,Foster SB,Friday
0.0,18.0,Foster SB,Tuesday
0.0,1.0,Airportway WB to SB,Monday
0.0,12.0,Foster SB,Wednesday
7.0,6.0,Columbia to I-205 SB,Wednesday
0.0,18.0,Airportway WB to SB,Wednesday
0.0,1.0,Stark/Washington SB,Wednesday
13.0,10.0,Sunnyside NB,Monday
18.0,4.0,Sunnyside NB,Tuesday
1.0,13.0,Johnson Creek SB,Friday
0.0,0.0,Glisan to I-205 SB,Thursday
0.0,20.0,Powell to I-205 NB,Monday
1.0,2.0,Powell Blvd SB,Saturday
1.0,0.0,Sunnyside NB,Saturday
2.0,7.0,Stark/Washington SB,Friday
10.0,16.0,Glisan to I-205 SB,Sunday
0.0,14.0,Johnson Cr NB,Tuesday
0.0,22.0,Airportway EB to SB,Sunday
15.0,15.0,Sunnyside NB,Saturday
0.0,19.0,Johnson Creek SB,Thursday
0.0,1.0,Airportway WB to SB,Friday
5.0,7.0,Foster NB,Wednesday
0.0,19.0,Columbia to I-205 SB,Wednesday
2.0,16.0,Foster NB,Friday
6.0,4.0,Foster NB,Wednesday
0.0,3.0,Division SB,Thursday
0.0,5.0,Johnson Cr NB,Tuesday
1.0,10.0,Airportway WB to SB,Sunday
0.0,14.0,Johnson Cr NB,Friday
2.0,1.0,Columbia to I-205 SB,Tuesday
0.0,21.0,Airportway WB to SB,Friday
2.0,16.0,Johnson Creek SB,Tuesday
0.0,7.0,Foster SB,Sunday
0.0,18.0,Stark/Washington SB,Tuesday
13.0,13.0,Glisan to I-205 SB,Saturday
9.0,6.0,Columbia to I-205 SB,Thursday
1.0,18.0,Johnson Creek SB,Sunday
0.0,22.0,Powell to I-205 NB,Thursday
0.0,16.0,Foster SB,Sunday
1.0,6.0,Stark/Washington SB,Tuesday
0.0,14.0,Foster SB,Saturday
1.0,12.0,Johnson Cr NB,Sunday
0.0,0.0,Foster SB,Monday
3.0,9.0,Glisan to I-205 SB,Tuesday
2.0,6.0,Powell to I-205 NB,Friday
0.0,15.0,Division NB,Tuesday
0.0,22.0,Johnson Cr NB,Wednesday
0.0,6.0,Foster SB,Friday
0.0,22.0,Johnson Cr NB,Monday
0.0,21.0,Stark/Washington SB,Monday
0.0,10.0,Foster SB,Tuesday
1.0,5.0,Airportway WB to SB,Thursday
10.0,9.0,Division NB,Sunday
1.0,0.0,Powell Blvd SB,Sunday
3.0,19.0,Airportway WB to SB,Monday
0.0,23.0,Powell Blvd SB,Tuesday
12.0,7.0,Division NB,Friday
1.0,1.0,Johnson Creek SB,Sunday
18.0,14.0,Sunnyside NB,Sunday
0.0,2.0,Johnson Creek SB,Thursday
4.0,3.0,Glisan to I-205 SB,Sunday
2.0,7.0,Airportway WB to SB,Monday
10.0,8.0,Sunnyside NB,Tuesday
0.0,3.0,Stark/Washington SB,Saturday
0.0,15.0,Division SB,Saturday
6.0,4.0,Division NB,Thursday
0.0,21.0,Division SB,Sunday
0.0,4.0,Division SB,Thursday
1.0,19.0,Division NB,Wednesday
3.0,4.0,Powell to I-205 NB,Tuesday
0.0,2.0,Division SB,Saturday
0.0,4.0,Airportway EB to SB,Sunday
23.0,11.0,Sunnyside NB,Tuesday
1.0,16.0,Powell Blvd SB,Wednesday
0.0,17.0,Division SB,Friday
0.0,10.0,Airportway EB to SB,Sunday
19.0,6.0,Sunnyside NB,Friday
0.0,20.0,Foster SB,Monday
0.0,6.0,Division SB,Sunday
0.0,2.0,Johnson Cr NB,Thursday
1.0,16.0,Airportway EB to SB,Sunday
0.0,12.0,Division SB,Sunday
5.0,11.0,Airportway WB to SB,Friday
0.0,2.0,Foster NB,Thursday
7.0,7.0,Johnson Creek SB,Monday
16.0,10.0,Division NB,Monday
0.0,17.0,Foster SB,Saturday
1.0,22.0,Division NB,Monday
0.0,0.0,Foster NB,Sunday
0.0,13.0,Johnson Cr NB,Thursday
0.0,14.0,Airportway EB to SB,Thursday
5.0,7.0,Powell to I-205 NB,Tuesday
0.0,12.0,Stark/Washington SB,Monday
10.0,12.0,Powell Blvd SB,Monday
0.0,0.0,Johnson Cr NB,Sunday
15.0,10.0,Powell Blvd SB,Wednesday
0.0,15.0,Foster SB,Thursday
3.0,18.0,Powell Blvd SB,Monday
0.0,18.0,Airportway EB to SB,Wednesday
0.0,0.0,Powell Blvd SB,Wednesday
5.0,8.0,Columbia to I-205 SB,Wednesday
0.0,13.0,Division SB,Monday
0.0,16.0,Johnson Creek SB,Friday
8.0,7.0,Columbia to I-205 SB,Thursday
2.0,14.0,Powell to I-205 NB,Saturday
0.0,3.0,Division SB,Monday
6.0,20.0,Sunnyside NB,Monday
2.0,16.0,Columbia to I-205 SB,Friday
0.0,14.0,Powell to I-205 NB,Tuesday
0.0,4.0,Johnson Cr NB,Thursday
10.0,2.0,Sunnyside NB,Saturday
11.0,2.0,Sunnyside NB,Sunday
1.0,5.0,Stark/Washington SB,Friday
0.0,2.0,Johnson Cr NB,Wednesday
0.0,10.0,Division SB,Tuesday
5.0,17.0,Sunnyside NB,Saturday
0.0,5.0,Airportway EB to SB,Sunday
0.0,14.0,Division NB,Thursday
9.0,19.0,Sunnyside NB,Tuesday
0.0,15.0,Division SB,Sunday
0.0,18.0,Columbia to I-205 SB,Saturday
2.0,11.0,Airportway EB to SB,Sunday
16.0,5.0,Sunnyside NB,Friday
5.0,3.0,Powell Blvd SB,Saturday
3.0,22.0,Airportway WB to SB,Sunday
1.0,17.0,Airportway EB to SB,Sunday
2.0,18.0,Johnson Creek SB,Saturday
0.0,0.0,Powell Blvd SB,Friday
0.0,15.0,Division SB,Monday
0.0,16.0,Stark/Washington SB,Tuesday
15.0,14.0,Powell Blvd SB,Saturday
0.0,23.0,Johnson Creek SB,Sunday
0.0,0.0,Airportway EB to SB,Saturday
0.0,14.0,Johnson Cr NB,Thursday
0.0,21.0,Foster SB,Sunday
0.0,19.0,Airportway EB to SB,Friday
0.0,0.0,Glisan to I-205 SB,Tuesday
0.0,22.0,Glisan to I-205 SB,Thursday
3.0,11.0,Airportway WB to SB,Wednesday
2.0,20.0,Foster NB,Tuesday
0.0,1.0,Glisan to I-205 SB,Wednesday
18.0,12.0,Division NB,Saturday
1.0,13.0,Airportway WB to SB,Friday
1.0,3.0,Johnson Creek SB,Tuesday
0.0,1.0,Foster NB,Thursday
0.0,23.0,Airportway WB to SB,Wednesday
8.0,13.0,Sunnyside NB,Monday
11.0,4.0,Division NB,Wednesday
0.0,8.0,Division SB,Tuesday
0.0,23.0,Stark/Washington SB,Monday
0.0,13.0,Division SB,Wednesday
9.0,16.0,Sunnyside NB,Monday
0.0,17.0,Airportway EB to SB,Wednesday
0.0,20.0,Columbia to I-205 SB,Saturday
0.0,1.0,Stark/Washington SB,Thursday
0.0,1.0,Johnson Cr NB,Tuesday
2.0,11.0,Airportway EB to SB,Wednesday
2.0,9.0,Foster NB,Monday
0.0,3.0,Powell to I-205 NB,Saturday
0.0,5.0,Airportway EB to SB,Wednesday
1.0,21.0,Powell Blvd SB,Monday
3.0,23.0,Sunnyside NB,Monday
7.0,8.0,Columbia to I-205 SB,Friday
16.0,12.0,Sunnyside NB,Sunday
2.0,0.0,Johnson Creek SB,Sunday
9.0,10.0,Sunnyside NB,Tuesday
2.0,17.0,Airportway WB to SB,Sunday
0.0,14.0,Airportway EB to SB,Friday
14.0,18.0,Sunnyside NB,Saturday
0.0,16.0,Johnson Cr NB,Wednesday
6.0,5.0,Division NB,Wednesday
3.0,17.0,Foster NB,Monday
4.0,4.0,Powell to I-205 NB,Friday
1.0,18.0,Foster NB,Monday
3.0,3.0,Division NB,Wednesday
11.0,14.0,Sunnyside NB,Saturday
18.0,11.0,Foster NB,Thursday
1.0,13.0,Stark/Washington SB,Wednesday
7.0,16.0,Sunnyside NB,Tuesday
1.0,14.0,Johnson Cr NB,Wednesday
0.0,7.0,Airportway EB to SB,Tuesday
0.0,22.0,Johnson Cr NB,Tuesday
0.0,9.0,Johnson Cr NB,Thursday
0.0,21.0,Foster SB,Friday
14.0,10.0,Division NB,Wednesday
3.0,2.0,Columbia to I-205 SB,Tuesday
0.0,4.0,Foster SB,Tuesday
0.0,0.0,Foster NB,Thursday
2.0,17.0,Powell to I-205 NB,Tuesday
1.0,0.0,Airportway WB to SB,Thursday
0.0,22.0,Foster NB,Monday
0.0,21.0,Division SB,Saturday
0.0,20.0,Foster SB,Sunday
2.0,1.0,Columbia to I-205 SB,Sunday
5.0,12.0,Foster NB,Tuesday
17.0,7.0,Powell Blvd SB,Friday
0.0,2.0,Glisan to I-205 SB,Wednesday
4.0,3.0,Foster NB,Tuesday
2.0,2.0,Foster NB,Sunday
0.0,9.0,Division SB,Monday
0.0,2.0,Stark/Washington SB,Saturday
0.0,8.0,Airportway WB to SB,Thursday
6.0,11.0,Powell to I-205 NB,Wednesday
1.0,16.0,Foster NB,Wednesday
0.0,4.0,Johnson Cr NB,Tuesday
11.0,11.0,Glisan to I-205 SB,Monday
0.0,14.0,Columbia to I-205 SB,Thursday
3.0,5.0,Airportway WB to SB,Wednesday
7.0,7.0,Glisan to I-205 SB,Tuesday
2.0,20.0,Airportway WB to SB,Thursday
10.0,21.0,Sunnyside NB,Tuesday
0.0,13.0,Foster SB,Monday
0.0,17.0,Airportway WB to SB,Wednesday
1.0,13.0,Powell to I-205 NB,Wednesday
0.0,17.0,Airportway EB to SB,Tuesday
2.0,10.0,Stark/Washington SB,Tuesday
7.0,9.0,Foster NB,Sunday
4.0,18.0,Columbia to I-205 SB,Sunday
0.0,7.0,Division SB,Thursday
8.0,6.0,Division NB,Tuesday
13.0,9.0,Powell Blvd SB,Thursday
0.0,19.0,Johnson Creek SB,Wednesday
13.0,0.0,Sunnyside NB,Sunday
0.0,22.0,Columbia to I-205 SB,Monday
2.0,17.0,Glisan to I-205 SB,Thursday
0.0,12.0,Airportway WB to SB,Friday
1.0,22.0,Johnson Creek SB,Saturday
0.0,2.0,Airportway EB to SB,Friday
0.0,19.0,Johnson Cr NB,Sunday
0.0,3.0,Foster SB,Saturday
0.0,20.0,Columbia to I-205 SB,Wednesday
7.0,8.0,Foster NB,Saturday
1.0,4.0,Airportway EB to SB,Friday
0.0,13.0,Stark/Washington SB,Monday
1.0,19.0,Columbia to I-205 SB,Thursday
0.0,16.0,Powell to I-205 NB,Thursday
2.0,15.0,Columbia to I-205 SB,Tuesday
17.0,7.0,Sunnyside NB,Friday
2.0,4.0,Glisan to I-205 SB,Saturday
3.0,11.0,Airportway WB to SB,Sunday
1.0,2.0,Glisan to I-205 SB,Thursday
0.0,14.0,Stark/Washington SB,Wednesday
0.0,0.0,Division NB,Wednesday
4.0,2.0,Division NB,Tuesday
0.0,23.0,Stark/Washington SB,Tuesday
7.0,19.0,Sunnyside NB,Friday
2.0,16.0,Johnson Creek SB,Saturday
0.0,11.0,Foster SB,Wednesday
15.0,5.0,Sunnyside NB,Monday
1.0,0.0,Glisan to I-205 SB,Sunday
12.0,7.0,Sunnyside NB,Tuesday
1.0,4.0,Powell Blvd SB,Wednesday
0.0,4.0,Airportway EB to SB,Monday
2.0,2.0,Columbia to I-205 SB,Saturday
0.0,22.0,Foster SB,Wednesday
11.0,15.0,Powell Blvd SB,Saturday
0.0,6.0,Stark/Washington SB,Saturday
0.0,14.0,Powell to I-205 NB,Monday
0.0,17.0,Foster SB,Tuesday
1.0,5.0,Stark/Washington SB,Saturday
0.0,8.0,Airportway EB to SB,Tuesday
0.0,16.0,Airportway EB to SB,Monday
0.0,8.0,Johnson Cr NB,Tuesday
2.0,6.0,Airportway WB to SB,Thursday
0.0,15.0,Airportway EB to SB,Friday
4.0,13.0,Glisan to I-205 SB,Thursday
1.0,15.0,Sunnyside NB,Thursday
6.0,17.0,Glisan to I-205 SB,Sunday
1.0,18.0,Glisan to I-205 SB,Tuesday
4.0,18.0,Airportway WB to SB,Monday
0.0,9.0,Airportway EB to SB,Tuesday
0.0,22.0,Airportway EB to SB,Tuesday
12.0,21.0,Sunnyside NB,Monday
1.0,18.0,Airportway WB to SB,Thursday
0.0,19.0,Johnson Creek SB,Friday
1.0,2.0,Johnson Creek SB,Sunday
0.0,15.0,Foster NB,Monday
1.0,0.0,Foster NB,Monday
0.0,10.0,Division SB,Wednesday
0.0,5.0,Airportway EB to SB,Tuesday
3.0,13.0,Columbia to I-205 SB,Wednesday
18.0,6.0,Sunnyside NB,Monday
7.0,6.0,Glisan to I-205 SB,Monday
7.0,4.0,Columbia to I-205 SB,Monday
0.0,0.0,Johnson Cr NB,Thursday
0.0,16.0,Glisan to I-205 SB,Thursday
15.0,7.0,Sunnyside NB,Sunday
0.0,1.0,Airportway EB to SB,Friday
0.0,18.0,Airportway EB to SB,Thursday
0.0,23.0,Johnson Creek SB,Thursday
0.0,20.0,Powell Blvd SB,Monday
1.0,11.0,Airportway EB to SB,Friday
13.0,18.0,Sunnyside NB,Tuesday
1.0,6.0,Stark/Washington SB,Monday
0.0,0.0,Airportway WB to SB,Tuesday
0.0,19.0,Powell to I-205 NB,Tuesday
0.0,18.0,Johnson Cr NB,Friday
0.0,9.0,Stark/Washington SB,Monday
4.0,15.0,Sunnyside NB,Monday
0.0,16.0,Airportway WB to SB,Wednesday
1.0,10.0,Stark/Washington SB,Monday
1.0,18.0,Airportway WB to SB,Friday
1.0,10.0,Airportway WB to SB,Friday
0.0,18.0,Johnson Creek SB,Thursday
0.0,22.0,Foster SB,Thursday
15.0,0.0,Sunnyside NB,Monday
0.0,14.0,Powell Blvd SB,Thursday
2.0,13.0,Powell to I-205 NB,Saturday
14.0,8.0,Division NB,Sunday
1.0,15.0,Columbia to I-205 SB,Monday
0.0,13.0,Foster SB,Saturday
5.0,7.0,Columbia to I-205 SB,Saturday
0.0,19.0,Airportway WB to SB,Saturday
0.0,13.0,Stark/Washington SB,Friday
0.0,22.0,Powell to I-205 NB,Wednesday
1.0,12.0,Powell to I-205 NB,Saturday
0.0,7.0,Airportway EB to SB,Monday
0.0,0.0,Division NB,Friday
4.0,9.0,Powell to I-205 NB,Tuesday
10.0,11.0,Columbia to I-205 SB,Thursday
0.0,17.0,Airportway EB to SB,Thursday
0.0,9.0,Foster SB,Tuesday
0.0,11.0,Division SB,Thursday
0.0,8.0,Airportway EB to SB,Monday
0.0,19.0,Airportway EB to SB,Monday
0.0,15.0,Airportway EB to SB,Thursday
5.0,1.0,Sunnyside NB,Wednesday
2.0,7.0,Powell to I-205 NB,Sunday
15.0,6.0,Powell Blvd SB,Friday
0.0,14.0,Airportway EB to SB,Monday
0.0,3.0,Johnson Cr NB,Friday
1.0,5.0,Airportway EB to SB,Thursday
0.0,14.0,Airportway EB to SB,Tuesday
2.0,9.0,Johnson Creek SB,Wednesday
4.0,14.0,Sunnyside NB,Wednesday
2.0,10.0,Foster SB,Friday
24.0,14.0,Foster NB,Sunday
0.0,19.0,Johnson Cr NB,Wednesday
1.0,0.0,Powell to I-205 NB,Sunday
0.0,14.0,Johnson Cr NB,Monday
4.0,5.0,Glisan to I-205 SB,Friday
1.0,8.0,Johnson Cr NB,Saturday
9.0,7.0,Division NB,Thursday
0.0,21.0,Johnson Creek SB,Wednesday
11.0,9.0,Division NB,Saturday
7.0,5.0,Columbia to I-205 SB,Friday
0.0,13.0,Stark/Washington SB,Thursday
3.0,12.0,Glisan to I-205 SB,Wednesday
0.0,16.0,Division SB,Wednesday
2.0,17.0,Johnson Cr NB,Friday
1.0,15.0,Columbia to I-205 SB,Wednesday
6.0,8.0,Division NB,Thursday
0.0,1.0,Foster NB,Saturday
3.0,8.0,Stark/Washington SB,Sunday
0.0,8.0,Johnson Cr NB,Wednesday
1.0,20.0,Glisan to I-205 SB,Monday
0.0,23.0,Johnson Cr NB,Tuesday
5.0,19.0,Airportway WB to SB,Thursday
0.0,17.0,Johnson Cr NB,Monday
0.0,1.0,Airportway WB to SB,Tuesday
0.0,0.0,Glisan to I-205 SB,Friday
2.0,17.0,Stark/Washington SB,Wednesday
5.0,4.0,Powell Blvd SB,Tuesday
0.0,9.0,Johnson Cr NB,Wednesday
0.0,23.0,Foster NB,Thursday
1.0,10.0,Airportway WB to SB,Wednesday
0.0,15.0,Powell to I-205 NB,Thursday
0.0,16.0,Airportway EB to SB,Tuesday
0.0,16.0,Foster NB,Thursday
4.0,1.0,Sunnyside NB,Tuesday
0.0,1.0,Foster SB,Saturday
1.0,14.0,Columbia to I-205 SB,Friday
1.0,22.0,Airportway WB to SB,Wednesday
1.0,17.0,Airportway WB to SB,Thursday
1.0,2.0,Division NB,Sunday
0.0,2.0,Stark/Washington SB,Wednesday
0.0,14.0,Division SB,Wednesday
0.0,17.0,Johnson Creek SB,Tuesday
14.0,5.0,Sunnyside NB,Saturday
0.0,1.0,Powell Blvd SB,Tuesday
0.0,1.0,Airportway EB to SB,Monday
1.0,3.0,Johnson Cr NB,Monday
6.0,10.0,Powell to I-205 NB,Friday
2.0,7.0,Johnson Creek SB,Sunday
4.0,14.0,Glisan to I-205 SB,Saturday
0.0,3.0,Division SB,Wednesday
10.0,9.0,Powell Blvd SB,Wednesday
0.0,12.0,Stark/Washington SB,Tuesday
5.0,11.0,Johnson Creek SB,Tuesday
2.0,18.0,Airportway WB to SB,Sunday
12.0,6.0,Glisan to I-205 SB,Friday
0.0,22.0,Foster NB,Thursday
1.0,10.0,Glisan to I-205 SB,Tuesday
6.0,6.0,Columbia to I-205 SB,Sunday
13.0,7.0,Division NB,Tuesday
8.0,6.0,Division NB,Saturday
0.0,0.0,Powell to I-205 NB,Wednesday
0.0,23.0,Powell to I-205 NB,Tuesday
0.0,22.0,Johnson Creek SB,Thursday
0.0,22.0,Foster SB,Sunday
0.0,14.0,Foster NB,Tuesday
14.0,9.0,Division NB,Thursday
1.0,8.0,Airportway WB to SB,Friday
1.0,13.0,Foster NB,Tuesday
2.0,12.0,Stark/Washington SB,Thursday
10.0,15.0,Division NB,Saturday
1.0,9.0,Powell to I-205 NB,Wednesday
0.0,9.0,Johnson Creek SB,Friday
12.0,5.0,Powell Blvd SB,Monday
2.0,2.0,Stark/Washington SB,Tuesday
0.0,2.0,Foster NB,Saturday
7.0,8.0,Columbia to I-205 SB,Monday
0.0,1.0,Division SB,Wednesday
2.0,21.0,Columbia to I-205 SB,Monday
18.0,12.0,Powell Blvd SB,Friday
2.0,9.0,Columbia to I-205 SB,Saturday
0.0,1.0,Johnson Cr NB,Thursday
10.0,12.0,Foster NB,Saturday
0.0,18.0,Powell Blvd SB,Thursday
8.0,6.0,Sunnyside NB,Tuesday
0.0,4.0,Johnson Cr NB,Friday
2.0,9.0,Airportway WB to SB,Thursday
0.0,7.0,Airportway EB to SB,Saturday
9.0,7.0,Foster NB,Sunday
12.0,10.0,Sunnyside NB,Thursday
1.0,20.0,Columbia to I-205 SB,Sunday
0.0,3.0,Johnson Cr NB,Thursday
2.0,5.0,Stark/Washington SB,Monday
2.0,4.0,Airportway WB to SB,Wednesday
7.0,3.0,Sunnyside NB,Wednesday
0.0,7.0,Johnson Cr NB,Sunday
0.0,20.0,Powell Blvd SB,Saturday
20.0,15.0,Division NB,Sunday
1.0,3.0,Johnson Cr NB,Saturday
0.0,21.0,Johnson Cr NB,Tuesday
9.0,16.0,Sunnyside NB,Wednesday
2.0,17.0,Glisan to I-205 SB,Saturday
2.0,18.0,Columbia to I-205 SB,Wednesday
0.0,8.0,Division SB,Friday
1.0,13.0,Columbia to I-205 SB,Thursday
1.0,18.0,Powell to I-205 NB,Thursday
8.0,14.0,Sunnyside NB,Monday
1.0,18.0,Glisan to I-205 SB,Wednesday
0.0,2.0,Powell Blvd SB,Wednesday
6.0,8.0,Powell Blvd SB,Sunday
0.0,17.0,Stark/Washington SB,Saturday
2.0,19.0,Division NB,Tuesday
10.0,7.0,Columbia to I-205 SB,Friday
0.0,21.0,Foster SB,Thursday
1.0,10.0,Airportway WB to SB,Saturday
2.0,13.0,Glisan to I-205 SB,Friday
10.0,13.0,Sunnyside NB,Wednesday
0.0,13.0,Division NB,Wednesday
3.0,2.0,Glisan to I-205 SB,Sunday
1.0,1.0,Columbia to I-205 SB,Wednesday
2.0,22.0,Airportway WB to SB,Saturday
3.0,4.0,Glisan to I-205 SB,Wednesday
1.0,16.0,Columbia to I-205 SB,Monday
1.0,9.0,Johnson Cr NB,Friday
0.0,0.0,Powell to I-205 NB,Monday
0.0,12.0,Johnson Cr NB,Monday
5.0,5.0,Powell Blvd SB,Sunday
0.0,4.0,Johnson Creek SB,Sunday
5.0,9.0,Glisan to I-205 SB,Monday
0.0,17.0,Division SB,Sunday
0.0,15.0,Johnson Creek SB,Wednesday
3.0,14.0,Stark/Washington SB,Saturday
1.0,3.0,Johnson Creek SB,Friday
3.0,17.0,Powell Blvd SB,Sunday
0.0,1.0,Airportway EB to SB,Thursday
0.0,20.0,Foster NB,Sunday
0.0,7.0,Division SB,Wednesday
8.0,1.0,Sunnyside NB,Thursday
0.0,20.0,Johnson Creek SB,Sunday
2.0,10.0,Columbia to I-205 SB,Thursday
0.0,23.0,Johnson Creek SB,Tuesday
0.0,12.0,Airportway EB to SB,Friday
0.0,7.0,Airportway WB to SB,Thursday
0.0,18.0,Glisan to I-205 SB,Thursday
1.0,13.0,Johnson Creek SB,Saturday
0.0,22.0,Powell to I-205 NB,Sunday
0.0,17.0,Foster SB,Thursday
0.0,11.0,Johnson Cr NB,Sunday
4.0,6.0,Johnson Creek SB,Friday
2.0,15.0,Sunnyside NB,Wednesday
1.0,20.0,Powell Blvd SB,Sunday
